A,"Agilent Technologies, Inc."
AA,Alcoa Corp.
AAC,"AAC Holdings, Inc."
AAL,"American Airlines Group, Inc."
AAN,"Aaron's, Inc."
AAP,"Advance Auto Parts, Inc."
AAT,"American Assets Trust, Inc."
AAU,Almaden Minerals Ltd.
AB,AllianceBernstein Holding LP
ABB,ABB Ltd.
ABC,AmerisourceBergen Corp.
ABG,"Asbury Automotive Group, Inc."
ABM,"ABM Industries, Inc."
ABR,"Arbor Realty Trust, Inc."
ABT,Abbott Laboratories
AC,"Associated Capital Group, Inc."
ACC,"American Campus Communities, Inc."
ACH,Aluminum Corp. of China Ltd.
ACM,AECOM
ACN,Accenture Plc
ACP,Aberdeen Income Credit Strategies Fund
ACU,Acme United Corp.
ACV,AllianzGI Diversified Income & Convertible Fund
ACY,AeroCentury Corp.
ADC,Agree Realty Corp.
ADI,"Analog Devices, Inc."
ADM,Archer
ADP,"Automatic Data Processing, Inc."
ADS,Alliance Data Systems Corp.
ADT,"ADT, Inc."
ADX,"Adams Diversified Equity Fund, Inc."
AE,"Adams Resources & Energy, Inc."
AEB,AEGON NV
AED,AEGON NV
AEE,Ameren Corp.
AEF,"Aberdeen Emerging Markets Equity Income Fund, Inc."
AEG,AEGON NV
AEH,AEGON NV
AEL,American Equity Investment Life Holding Co.
AEM,Agnico Eagle Mines Ltd.
AEO,"American Eagle Outfitters, Inc."
AEP,"American Electric Power Co., Inc."
AER,AerCap Holdings NV
AES,The AES Corp.
AEY,"ADDvantage Technologies Group, Inc."
AFB,"AllianceBernstein National Municipal Income Fund, Inc."
AFC,Allied Capital Corp.
AFG,"American Financial Group, Inc."
AFH,"Atlas Financial Holdings, Inc."
AFI,"Armstrong Flooring, Inc."
AFL,"Aflac, Inc."
AFT,"Apollo Senior Floating Rate Fund, Inc."
AG,First Majestic Silver Corp.
AGD,Aberdeen Global Dynamic Dividend Fund
AGI,"Alamos Gold, Inc."
AGM,Federal Agricultural Mortgage Corp.
AGN,Allergan Plc
AGO,Assured Guaranty Ltd.
AGR,"Avangrid, Inc."
AGS,"PlayAGS, Inc."
AGX,"Argan, Inc."
AHC,A.H. Belo Corp.
AHH,"Armada Hoffler Properties, Inc."
AHL,Aspen Insurance Holdings Limited
AHT,"Ashford Hospitality Trust, Inc."
AI,Arlington Asset Investment Corp.
AIC,Arlington Asset Investment Corp.
AIF,"Apollo Tactical Income Fund, Inc."
AIG,"American International Group, Inc."
AIN,Albany International Corp.
AIR,AAR Corp.
AIT,"Applied Industrial Technologies, Inc."
AIV,Apartment Investment & Management Co.
AIW,Arlington Asset Investment Corp.
AIY,Apollo Investment Corp.
AIZ,"Assurant, Inc."
AJG,Arthur J. Gallagher & Co.
AJX,Great Ajax Corp.
AKG,"Asanko Gold, Inc."
AKP,"Alliance California Municipal Income Fund, Inc."
AKR,Acadia Realty Trust
AKS,AK Steel Holding Corp.
AL,Air Lease Corp.
ALB,Albemarle Corp.
ALE,"ALLETE, Inc."
ALG,"Alamo Group, Inc."
ALK,"Alaska Air Group, Inc."
ALL,The Allstate Corp.
ALO,"Alio Gold, Inc."
ALT,"Altimmune, Inc."
ALV,"Autoliv, Inc."
ALX,"Alexander's, Inc."
AM,Antero Midstream Corp.
AMC,"AMC Entertainment Holdings, Inc."
AMD,"Advanced Micro Devices, Inc."
AME,"AMETEK, Inc."
AMG,"Affiliated Managers Group, Inc."
AMH,American Homes 4 Rent
AMN,"AMN Healthcare Services, Inc."
AMP,"Ameriprise Financial, Inc."
AMR,"Alta Mesa Resources, Inc."
AMS,American Shared Hospital Services
AMT,American Tower Corp.
AMX,America Movil SAB de CV
AN,"AutoNation, Inc."
ANF,Abercrombie & Fitch Co.
ANH,Anworth Mortgage Asset Corp.
ANY,Sphere 3D Corp.
AOD,Aberdeen Total Dynamic Dividend Fund
AON,Aon Plc
AOS,A. O. Smith Corp.
AP,Ampco
APA,Apache Corp.
APB,Asia Pacific Fund Inc
APC,Anadarko Petroleum Corp.
APD,"Air Products & Chemicals, Inc."
APF,Morgan Stanley Asia
APH,Amphenol Corp.
APO,"Apollo Global Management, Inc."
APT,Alpha Pro Tech Ltd.
APU,AmeriGas Partners LP
APY,Apergy Corp.
AQ,Aquantia Corp.
AQB,"AquaBounty Technologies, Inc."
AQN,Algonquin Power & Utilities Corp.
AR,Antero Resources Corp.
ARA,"American Renal Associates Holdings, Inc."
ARC,"ARC Document Solutions, Inc."
ARD,Ardagh Group SA
ARE,"Alexandria Real Estate Equities, Inc."
ARI,"Apollo Commercial Real Estate Finance, Inc."
ARL,"American Realty Investors, Inc."
ARR,"ARMOUR Residential REIT, Inc."
ARW,"Arrow Electronics, Inc."
ASA,ASA Gold & Precious Metals Ltd.
ASB,Associated Banc
ASC,Ardmore Shipping Corp.
ASG,Liberty All
ASH,"Ashland Global Holdings, Inc."
ASM,Avino Silver & Gold Mines Ltd.
ASR,Grupo Aeroportuario del Sureste SA de CV
AST,"Asterias Biotherapeutics, Inc."
ASV,"ASV Holdings, Inc."
ASX,"ASE Technology Holding Co., Ltd."
AT,Atlantic Power Corp.
ATH,Athene Holding Ltd.
ATI,"Allegheny Technologies, Inc."
ATO,Atmos Energy Corp.
ATR,"AptarGroup, Inc."
ATU,Actuant Corp.
ATV,"Acorn International, Inc."
AU,AngloGold Ashanti Ltd.
AUG,"Auryn Resources, Inc."
AUO,AU Optronics Corp.
AUY,"Yamana Gold, Inc."
AVA,Avista Corp.
AVB,"AvalonBay Communities, Inc."
AVD,American Vanguard Corp.
AVH,Avianca Holdings SA
AVK,Advent Convertible & Income Fund
AVP,"Avon Products, Inc."
AVT,"Avnet, Inc."
AVX,AVX Corp.
AVY,Avery Dennison Corp.
AWF,"AllianceBernstein Global High Income Fund, Inc."
AWI,"Armstrong World Industries, Inc."
AWK,"American Water Works Co., Inc."
AWP,Aberdeen Global Premier Properties Fund
AWR,American States Water Co.
AWX,Avalon Holdings Corp.
AXE,"Anixter International, Inc."
AXL,"American Axle & Manufacturing Holdings, Inc."
AXP,American Express Co.
AXR,AMREP Corp.
AXS,AXIS Capital Holdings Ltd.
AXU,Alexco Resource Corp.
AY,Atlantica Yield Plc
AYI,"Acuity Brands, Inc."
AYR,Aircastle Ltd.
AYX,"Alteryx, Inc."
AZN,AstraZeneca Plc
AZO,"AutoZone, Inc."
AZZ,"AZZ, Inc."
B,"Barnes Group, Inc."
BA,The Boeing Co.
BAC,Bank of America Corp.
BAF,BlackRock Municipal Income Investment Quality Trust
BAH,Booz Allen Hamilton Holding Corp.
BAK,Braskem SA
BAM,"Brookfield Asset Management, Inc."
BAP,Credicorp Ltd.
BAS,"Basic Energy Services, Inc."
BAX,"Baxter International, Inc."
BB,BlackBerry Ltd.
BBD,Banco Bradesco SA
BBF,BlackRock Municipal Income Investment Trust
BBK,BlackRock Municipal Bond Trust
BBL,BHP Group Plc
BBN,BlackRock Taxable Municipal Bond Trust
BBT,BB&T Corp.
BBU,Brookfield Business Partners LP
BBW,Build
BBX,BBX Capital Corp.
BBY,"Best Buy Co., Inc."
BC,Brunswick Corp.
BCC,Boise Cascade Co.
BCE,"BCE, Inc."
BCH,Banco de Chile SA
BCO,The Brink's Co.
BCS,Barclays Plc
BCV,Bancroft Fund Ltd.
BCX,BlackRock Resources & Commodities Strategy Trust
BDC,"Belden, Inc."
BDJ,BlackRock Enhanced Equity Dividend Trust
BDL,"Flanigan's Enterprises, Inc."
BDN,Brandywine Realty Trust
BDR,"Blonder Tongue Laboratories, Inc."
BDX,"Becton, Dickinson & Co."
BEL,Belmond Ltd.
BEN,"Franklin Resources, Inc."
BEP,Brookfield Renewable Partners LP
BFK,BlackRock Municipal Income Trust
BFO,BlackRock Florida Municipal 2020 Term Trust
BFR,BBVA Banco Francés SA
BFS,"Saul Centers, Inc."
BFY,BlackRock New York Municipal Income Trust II
BFZ,BlackRock California Municipal Income Trust
BG,Bunge Ltd.
BGB,Blackstone / GSO Strategic Credit Fund
BGG,Briggs & Stratton Corp.
BGH,Barings Global Short Duration High Yield Fund
BGI,"Birks Group, Inc."
BGR,BlackRock Energy & Resources Trust
BGS,"B&G Foods, Inc."
BGT,BlackRock Floating Rate Income Trust
BGX,Blackstone / GSO Long Short Credit Income Fund
BGY,BlackRock Enhanced International Dividend Trust
BH,"Biglari Holdings, Inc."
BHB,Bar Harbor Bankshares
BHE,"Benchmark Electronics, Inc."
BHF,"Brighthouse Financial, Inc."
BHK,BlackRock Core Bond Trust
BHP,BHP Group Ltd.
BHR,"Braemar Hotels & Resorts, Inc."
BHV,BlackRock Virginia Municipal Bond Trust
BID,Sotheby's
BIF,"Boulder Growth & Income Fund, Inc."
BIG,"Big Lots, Inc."
BIO,Bio
BIP,Brookfield Infrastructure Partners LP
BIT,BlackRock Multi
BK,The Bank of New York Mellon Corp.
BKD,"Brookdale Senior Living, Inc."
BKE,"The Buckle, Inc."
BKH,Black Hills Corp.
BKI,"Black Knight, Inc."
BKJ,"Bancorp of New Jersey, Inc."
BKK,BlackRock Municipal 2020 Term Trust
BKN,"BlackRock Investment Quality Municipal Trust, Inc."
BKS,"Barnes & Noble, Inc."
BKT,"BlackRock Income Trust, Inc."
BKU,"BankUnited, Inc."
BL,"BlackLine, Inc."
BLD,TopBuild Corp.
BLE,BlackRock Municipal Income Trust II
BLK,"BlackRock, Inc."
BLL,Ball Corp.
BLW,BlackRock Ltd. Duration Income Trust
BLX,Banco Latinoamericano de Comercio Exterior SA
BMA,Banco Macro SA
BME,BlackRock Health Sciences Trust
BMI,"Badger Meter, Inc."
BMO,Bank of Montreal
BMS,"Bemis Co., Inc."
BMY,Bristol
BNS,The Bank of Nova Scotia
BNY,BlackRock New York Municipal Income Trust
BOE,BlackRock Enhanced Global Dividend Trust
BOH,Bank of Hawaii Corp.
BOX,"Box, Inc."
BP,BP Plc
BPI,"Zovio, Inc."
BPL,Buckeye Partners LP
BPT,BP Prudhoe Bay Royalty Trust
BPY,Brookfield Property Partners LP
BQH,BlackRock New York Municipal Bond Trust
BR,"Broadridge Financial Solutions, Inc."
BRC,Brady Corp.
BRG,"Bluerock Residential Growth REIT, Inc."
BRN,"Barnwell Industries, Inc."
BRO,"Brown & Brown, Inc."
BRS,"Bristow Group, Inc."
BRT,BRT Apartments Corp.
BRX,"Brixmor Property Group, Inc."
BSA,"BrightSphere Investment Group, Inc."
BSD,BlackRock Strategic Municipal Trust
BSE,BlackRock New York Municipal Income Quality Trust
BSL,Blackstone / GSO Senior Floating Rate Term Fund
BSM,Black Stone Minerals LP
BST,Blackrock Science & Technology Trust
BSX,Boston Scientific Corp.
BT,BT Group Plc
BTA,BlackRock Long Term Municipal Advantage Trust
BTE,Baytex Energy Corp.
BTG,B2Gold Corp.
BTI,British American Tobacco plc
BTN,"Ballantyne Strong, Inc."
BTO,John Hancock Financial Opportunities Fund
BTT,BlackRock Municipal 2030 Target Term Trust
BTU,Peabody Energy Corp.
BTX,"BioTime, Inc."
BTZ,BlackRock Credit Allocation Income Trust
BUD,Anheuser
BUI,"BlackRock Utilities, Infrastructure & Power Opportunities Tr"
BVN,Compañía de Minas Buenaventura SAA
BVX, 
BW,"Babcock & Wilcox Enterprises, Inc."
BWA,"BorgWarner, Inc."
BWB,"Bridgewater Bancshares, Inc."
BWG,BrandywineGLOBAL
BX,"The Blackstone Group, Inc."
BXC,"BlueLinx Holdings, Inc."
BXE,Bellatrix Exploration Ltd.
BXG,Bluegreen Vacations Corp.
BXP,"Boston Properties, Inc."
BXS,BancorpSouth Bank
BY,"Byline Bancorp, Inc."
BYD,Boyd Gaming Corp.
BYM,BlackRock Municipal Income Quality Trust
BZH,"Beazer Homes USA, Inc."
BZM,BlackRock Maryland Municipal Bond Trust
C,"Citigroup, Inc."
CAC,Camden National Corp. (Maine)
CAE,"CAE, Inc."
CAF,"Morgan Stanley China A Share Fund, Inc."
CAG,"Conagra Brands, Inc."
CAH,"Cardinal Health, Inc."
CAI,"CAI International, Inc."
CAJ,"Canon, Inc."
CAL,"Caleres, Inc."
CAR,"Avis Budget Group, Inc."
CAT,"Caterpillar, Inc."
CAW,"CCA Industries, Inc."
CB,Chubb Ltd.
CBB,"Cincinnati Bell, Inc."
CBD,Companhia Brasileira de Distribuicao
CBH,AllianzGI Convertible & Income 2024 Target Term Fund
CBK,Christopher & Banks Corp.
CBL,"CBL & Associates Properties, Inc."
CBM,Cambrex Corp.
CBS,"ViacomCBS, Inc."
CBT,Cabot Corp.
CBU,"Community Bank System, Inc."
CBZ,"CBIZ, Inc."
CC,The Chemours Co.
CCA,MFS California Municipal Fund
CCD,Calamos Dynamic Convertible & Income Fund
CCE, 
CCF,Chase Corp.
CCI,Crown Castle International Corp.
CCJ,Cameco Corp.
CCK,"Crown Holdings, Inc."
CCL,Carnival Corp.
CCM,Concord Medical Services Holding Ltd.
CCO,"Clear Channel Outdoor Holdings, Inc."
CCR,CONSOL Coal Resources LP
CCS,"Century Communities, Inc."
CCU,Cia Cervecerias Unidas SA
CDE,"Coeur Mining, Inc."
CDK,"CDK Global, Inc."
CDR,"Cedar Realty Trust, Inc."
CDW,CDW Corp.
CE,Celanese Corp.
CEA,China Eastern Airlines Corp. Ltd.
CEE,"The Central & Eastern Europe Fund, Inc."
CEF,Sprott Physical Gold & Silver Trust
CEI,"Camber Energy, Inc."
CEL,Cellcom Israel Ltd.
CEM,"Clearbridge MLP & Midstream Fund, Inc."
CEN,Center Coast Brookfield MLP & Energy Infrastructure Fund
CEO,CNOOC Ltd.
CET,Central Securities Corp.
CEV,Eaton Vance California Municipal Income Trust
CF,"CF Industries Holdings, Inc."
CFG,"Citizens Financial Group, Inc. (Rhode Island)"
CFR,"Cullen/Frost Bankers, Inc."
CFX,Colfax Corp.
CG,"The Carlyle Group, Inc."
CGA,"China Green Agriculture, Inc."
CGO,Calamos Global Total Return Fund
CHA,China Telecom Corp. Ltd.
CHD,"Church & Dwight Co., Inc."
CHE,Chemed Corp.
CHH,"Choice Hotels International, Inc."
CHI,Calamos Convertible Opportunities & Income Fund
CHK,Chesapeake Energy Corp.
CHL,China Mobile Ltd.
CHN,"The China Fund, Inc."
CHS,"Chico's FAS, Inc."
CHT,"Chunghwa Telecom Co., Ltd."
CHU,China Unicom (Hong Kong) Ltd.
CHW,Calamos Global Dynamic Income Fund
CHY,Calamos Convertible & High Income Fund
CI,Cigna Corp.
CIA,"Citizens, Inc. (Austin, Texas)"
CIB,Bancolombia SA
CIC,Capitol Investment Corp. IV
CIF,MFS Intermediate High Income Fund
CIG,Companhia Energética de Minas Gerais SA
CII,"BlackRock Enhanced Capital & Income Fund, Inc."
CIK,"Credit Suisse Asset Management Income Fund, Inc."
CIM,Chimera Investment Corp.
CIO,"City Office REIT, Inc."
CIR,"CIRCOR International, Inc."
CIT,"CIT Group, Inc."
CIX,"CompX International, Inc."
CJ,"C&J Energy Services, Inc."
CKH,"SEACOR Holdings, Inc."
CKX,"CKX Lands, Inc."
CL,Colgate
CLB,Core Laboratories NV
CLD,"Cloud Peak Energy, Inc."
CLF,Cleveland
CLH,"Clean Harbors, Inc."
CLI,Mack
CLM,"Cornerstone Strategic Value Fund, Inc."
CLR,"Continental Resources, Inc."
CLS,"Celestica, Inc."
CLW,Clearwater Paper Corp.
CLX,The Clorox Co.
CM,Canadian Imperial Bank of Commerce
CMA,"Comerica, Inc."
CMC,Commercial Metals Co.
CMD,Cantel Medical Corp.
CME,"CME Group, Inc."
CMG,"Chipotle Mexican Grill, Inc."
CMI,"Cummins, Inc."
CMO,Capstead Mortgage Corp.
CMP,"Compass Minerals International, Inc."
CMS,CMS Energy Corp.
CMT,"Core Molding Technologies, Inc."
CMU,MFS High Yield Municipal Trust
CNA,CNA Financial Corp.
CNC,Centene Corp.
CNI,Canadian National Railway Co.
CNK,"Cinemark Holdings, Inc."
CNO,"CNO Financial Group, Inc."
CNP,"CenterPoint Energy, Inc."
CNQ,Canadian Natural Resources Ltd.
CNS,"Cohen & Steers, Inc. (New York)"
CNX,CNX Resources Corp.
CO,Global Cord Blood Corp.
COE,China Online Education Group
COF,Capital One Financial Corp.
COG,Cabot Oil & Gas Corp.
COO,"The Cooper Cos., Inc."
COP,ConocoPhillips
COR,CoreSite Realty Corp.
COT,Cott Corp. (Canada)
CP,Canadian Pacific Railway Ltd.
CPA,Copa Holdings SA
CPB,Campbell Soup Co.
CPE,Callon Petroleum Co.
CPF,Central Pacific Financial Corp.
CPG,Crescent Point Energy Corp.
CPK,Chesapeake Utilities Corp.
CPL,CPFL Energia SA
CPS,Cooper
CPT,Camden Property Trust
CQP,Cheniere Energy Partners LP
CR,Crane Co.
CRC,California Resources Corp.
CRF,"Cornerstone Total Return Fund, Inc."
CRH,CRH Plc
CRI,"Carter's, Inc."
CRK,"Comstock Resources, Inc."
CRL,"Charles River Laboratories International, Inc."
CRM,"salesforce.com, inc."
CRR,"CARBO Ceramics, Inc."
CRS,Carpenter Technology Corp.
CRT,Cross Timbers Royalty Trust
CRY,"CryoLife, Inc."
CS,Credit Suisse Group AG
CSL,"Carlisle Cos., Inc."
CSQ,Calamos Strategic Total Return Fund
CSS,"CSS Industries, Inc."
CSU,Capital Senior Living Corp.
CSV,"Carriage Services, Inc."
CSX,CSX Corp.
CTB,Cooper Tire & Rubber Co.
CTG,"Computer Task Group, Inc."
CTL,"CenturyLink, Inc."
CTO,Consolidated
CTR,"ClearBridge MLP & Midstream Total Return Fund, Inc."
CTS,CTS Corp.
CTT,"CatchMark Timber Trust, Inc."
CTV,Qwest Corp.
CTY,Qwest Corp.
CTZ,Qwest Corp.
CUB,Cubic Corp.
CUE,"Cue Biopharma, Inc."
CUI,"CUI Global, Inc."
CUK,Carnival Plc
CUO,Continental Materials Corp.
CUR,"Neuralstem, Inc."
CUZ,"Cousins Properties, Inc."
CVA,Covanta Holding Corp.
CVE,"Cenovus Energy, Inc."
CVI,"CVR Energy, Inc."
CVM,CEL
CVR,Chicago Rivet & Machine Co.
CVS,CVS Health Corp.
CVU,"CPI Aerostructures, Inc."
CVV,CVD Equipment Corp.
CVX,Chevron Corp.
CW,Curtiss
CWH,"Camping World Holdings, Inc."
CWT,California Water Service Group
CX,CEMEX SAB de CV
CXE,MFS High Income Municipal Trust
CXH,MFS Investment Grade Municipal Trust
CXO,"Concho Resources, Inc."
CXP,"Columbia Property Trust, Inc."
CXW,"CoreCivic, Inc."
CY,Cypress Semiconductor Corp.
CYD,China Yuchai International Ltd.
CYH,"Community Health Systems, Inc."
CZR,Caesars Entertainment Corp.
CZZ,Cosan Ltd.
CpK,Chesapeake Utilities Corp.
CpL,CPFL Energia SA
CpS,Cooper
D,"Dominion Energy, Inc."
DAC,Danaos Corp.
DAL,"Delta Air Lines, Inc."
DAN,"Dana, Inc."
DAR,"Darling Ingredients, Inc."
DB,Deutsche Bank AG
DBD,"Diebold Nixdorf, Inc."
DBL,Doubleline Opportunistic Credit Fund
DBX,"Dropbox, Inc."
DCF,BNY Mellon Alcentra Global Credit Income 2024 Target Term Fd I
DCI,"Donaldson Co., Inc."
DCO,"Ducommun, Inc."
DCP,DCP Midstream LP
DDD,3D Systems Corp.
DDE,"Dover Downs Gaming & Entertainment, Inc."
DDF,"Delaware Investments Dividend & Income Fund, Inc."
DDS,"Dillard's, Inc."
DDT,Dillards Capital Trust I
DE,Deere & Co.
DEA,"Easterly Government Properties, Inc."
DEI,"Douglas Emmett, Inc."
DEO,Diageo Plc
DEX,Delaware Enhanced Global Dividend & Income Fund
DF,Dean Foods Co.
DFP,"Flaherty & Crumrine Dynamic Preferred & Income Fund, Inc."
DFS,Discover Financial Services
DG,Dollar General Corp.
DGX,"Quest Diagnostics, Inc."
DHF,BNY Mellon High Yield Strategies Fund
DHI,"D.R. Horton, Inc."
DHR,Danaher Corp.
DHT,"DHT Holdings, Inc."
DHX,"DHI Group, Inc."
DHY,Credit Suisse High Yield Bond Fund
DIN,"Dine Brands Global, Inc."
DIS,The Walt Disney Co.
DIT,AMCON Distributing Co.
DK,"Delek US Holdings, Inc."
DKL,Delek Logistics Partners LP
DKS,"Dick's Sporting Goods, Inc."
DKT,Deutsche Bank Contingent Capital Trust V
DL,China Distance Education Holdings Ltd.
DLA,"Delta Apparel, Inc."
DLB,"Dolby Laboratories, Inc."
DLR,"Digital Realty Trust, Inc."
DLX,Deluxe Corp.
DM,Dominion Energy Midstream Partners LP
DMB,"BNY Mellon Municipal Bond Infrastructure Fund, Inc."
DMF,"BNY Mellon Municipal Income, Inc."
DMO,"Western Asset Mortgage Opportunity Fund, Inc."
DNB,Dun & Bradstreet Corporation
DNI,Dividend & Income Fund
DNN,Denison Mines Corp.
DNP,"DNP Select Income Fund, Inc."
DNR,"Denbury Resources, Inc."
DO,"Diamond Offshore Drilling, Inc."
DOC,Physicians Realty Trust
DOV,Dover Corp.
DOX,Amdocs Ltd.
DPG,"Duff & Phelps Utility & Infrastructure Fund, Inc."
DPW,"DPW Holdings, Inc."
DPZ,"Domino's Pizza, Inc."
DQ,Daqo New Energy Corp.
DRD,DRDGOLD Ltd.
DRE,Duke Realty Corp.
DRH,DiamondRock Hospitality Co.
DRI,"Darden Restaurants, Inc."
DRQ,Dril
DS,"Drive Shack, Inc."
DSE,"Duff & Phelps Select MLP & Midstream Energy Fund, Inc."
DSL,DoubleLine Income Solutions Fund
DSM,"BNY Mellon Strategic Municipal Bond Fund, Inc."
DSS,"Document Security Systems, Inc."
DSU,"BlackRock Debt Strategies Fund, Inc."
DSW,"DSW, Inc."
DSX,"Diana Shipping, Inc."
DTE,DTE Energy Co.
DTF,DTF Tax
DTJ,DTE Energy Co.
DTQ,DTE Energy Co.
DTV,DTE Energy Co.
DTW,DTE Energy Co.
DTY,DTE Energy Co.
DUC,"Duff & Phelps Utility & Corporate Bond Trust, Inc."
DUK,Duke Energy Corp.
DVA,"DaVita, Inc."
DVD,"Dover Motorsports, Inc."
DVN,Devon Energy Corp.
DX,"Dynex Capital, Inc."
DXB,Deutsche Bank Contingent Capital Trust II
DXC,DXC Technology Co.
DXF,Dunxin Financial Holdings Ltd.
DXR,Daxor Corp.
DY,"Dycom Industries, Inc."
E,Eni SpA
EA,"Electronic Arts, Inc."
EAB,Entergy Arkansas LLC
EAD,Wells Fargo Income Opportunities Fund
EAE,Entergy Arkansas LLC
EAF,GrafTech International Ltd.
EAI,Entergy Arkansas LLC
EAT,"Brinker International, Inc."
EBF,"Ennis, Inc."
EBR,Centrais Elétricas Brasileiras SA
EBS,"Emergent BioSolutions, Inc."
EC,Ecopetrol SA
ECA,Encana Corp.
ECC,"Eagle Point Credit Co., Inc."
ECF,Ellsworth Growth & Income Fund Ltd.
ECL,"Ecolab, Inc."
ECR,Montage Resources Corp.
ECT,ECA Marcellus Trust I
ED,"Consolidated Edison, Inc."
EDD,"Morgan Stanley Emerging Markets Domestic Debt Fund, Inc."
EDF,Stone Harbor Emerging Markets Income Fund
EDI,Stone Harbor Emerging Markets Total Income Fund
EDN,Edenor SA
EDR,"Endeavor Group Holdings, Inc."
EDU,"New Oriental Education & Technology Group, Inc."
EE,El Paso Electric Co.
EEA,"The European Equity Fund, Inc."
EEI,"Ecology & Environment, Inc."
EEX,"Emerald Holding, Inc."
EFC,"Ellington Financial, Inc."
EFF,Eaton Vance Floating Rate Income Plus Fund
EFL,Eaton Vance Floating Rate 2022 Target Term Trust
EFR,Eaton Vance Senior Floating
EFT,Eaton Vance Floating
EFX,"Equifax, Inc."
EGF,"BlackRock Enhanced Government Fund, Inc."
EGI,Entrée Resources Ltd.
EGL,"Engility Holdings, Inc."
EGO,Eldorado Gold Corp.
EGP,"EastGroup Properties, Inc."
EGY,"VAALCO Energy, Inc."
EHC,Encompass Health Corp.
EHI,"Western Asset Global High Income Fund, Inc."
EHT,Eaton Vance High Income 2021 Target Term Trust
EIG,"Employers Holdings, Inc."
EIM,Eaton Vance Municipal Bond Fund
EIO,Eaton Vance Ohio Municipal Bond Fund
EIP,Eaton Vance Pennsylvania Municipal Bond Fund
EIV,Eaton Vance Municipal Bond Fund II
EIX,Edison International
EL,"The Estée Lauder Companies, Inc."
ELC,Entergy Louisiana LLC
ELF,"e.l.f. Beauty, Inc."
ELJ,Entergy Louisiana LLC
ELP,Companhia Paranaense de Energia
ELS,"Equity LifeStyle Properties, Inc."
ELU,Entergy Louisiana LLC
ELY,Callaway Golf Co.
EMD,"Western Asset Emerging Markets Debt Fund, Inc."
EME,"EMCOR Group, Inc."
EMF,Templeton Emerging Markets Fund
EMJ,Eaton Vance New Jersey Municipal Bond Fund
EML,The Eastern Co.
EMN,Eastman Chemical Co.
EMO,"ClearBridge Energy Midstream Opportunity Fund, Inc."
EMP,Entergy Mississippi LLC
EMR,Emerson Electric Co.
EMX,EMX Royalty Corp.
ENB,"Enbridge, Inc."
ENG,ENGlobal Corp.
ENJ,Entergy New Orleans LLC
ENO,Entergy New Orleans LLC
ENR,"Energizer Holdings, Inc."
ENS,EnerSys
ENT,"Global Eagle Entertainment, Inc."
ENV,"Envestnet, Inc."
ENX,Eaton Vance New York Municipal Bond Fund
ENZ,"Enzo Biochem, Inc."
EOD,Wells Fargo Global Dividend Opportunity Fund
EOG,"EOG Resources, Inc."
EOI,Eaton Vance Enhanced Equity Income Fund
EOS,Eaton Vance Enhanced Equity Income Fund II
EOT,Eaton Vance National Municipal Opportunities Trust
EPC,Edgewell Personal Care Co.
EPD,Enterprise Products Partners LP
EPE,EP Energy Corp.
EPM,Evolution Petroleum Corp.
EPR,EPR Properties
EQC,Equity Commonwealth
EQM,EQM Midstream Partners LP
EQR,Equity Residential
EQS,"Equus Total Return, Inc."
EQT,EQT Corp.
ERA,"Era Group, Inc."
ERC,Wells Fargo Multi
ERF,Enerplus Corp.
ERH,Wells Fargo Utilities & High Income Fund
ERI,"Eldorado Resorts, Inc."
ERJ,Embraer SA
ES,Eversource Energy
ESE,"ESCO Technologies, Inc."
ESL,Esterline Technologies Corp.
ESP,Espey Manufacturing & Electronics Corp.
ESQ,"Esquire Financial Holdings, Inc."
ESS,"Essex Property Trust, Inc."
ESV,Ensco Rowan Plc
ETB,Eaton Vance Tax
ETE, 
ETG,Eaton Vance Tax
ETH,"Ethan Allen Interiors, Inc."
ETJ,Eaton Vance Risk Managed Diversified Equity Income Fund
ETM,Entercom Communications Corp.
ETN,Eaton Corp. Plc
ETO,Eaton Vance Tax
ETR,Entergy Corp.
ETV,Eaton Vance Tax
ETW,Eaton Vance Tax
ETX,Eaton Vance Municipal Income 2028 Term Trust
ETY,Eaton Vance Tax
EV,Eaton Vance Corp.
EVA,Enviva Partners LP
EVC,Entravision Communications Corp.
EVF,Eaton Vance Senior Income Trust
EVG,Eaton Vance Short Duration Diversified Income Fund
EVH,"Evolent Health, Inc."
EVI,"EVI Industries, Inc."
EVJ,Eaton Vance New Jersey Municipal Income Trust
EVK,Ever
EVM,Eaton Vance California Municipal Bond Fund
EVN,Eaton Vance Municipal Income Trust
EVO,Eaton Vance Ohio Municipal Income Trust
EVP,Eaton Vance Pennsylvania Municipal Income Trust
EVR,"Evercore, Inc."
EVT,Eaton Vance Tax
EVV,Eaton Vance Limited Duration Income Fund
EVY,Eaton Vance New York Municipal Income Trust
EW,Edwards Lifesciences Corp.
EXC,Exelon Corp.
EXD,Eaton Vance Tax
EXG,Eaton Vance Tax
EXK,Endeavour Silver Corp.
EXP,"Eagle Materials, Inc."
EXR,"Extra Space Storage, Inc."
EYE,"National Vision Holdings, Inc."
EZT,"Entergy Texas, Inc."
F,Ford Motor Co.
FAF,First American Financial Corp.
FAM,First Trust Aberdeen Global Opportunity Income Fund
FAT,"FAT Brands, Inc."
FAX,Aberdeen Asia
FB,"Facebook, Inc."
FBC,"Flagstar Bancorp, Inc."
FBK,FB Financial Corp.
FBM,"Foundation Building Materials, Inc."
FBP,First BanCorp (Puerto Rico)
FC,Franklin Covey Co.
FCF,First Commonwealth Financial Corp. (Pennsylvania)
FCN,"FTI Consulting, Inc."
FCO,"Aberdeen Global Income Fund, Inc."
FCT,First Trust Senior Floating Rate Income Fund II
FCX,Freeport
FDC,First Data Corp.
FDP,"Fresh Del Monte Produce, Inc."
FDS,"FactSet Research Systems, Inc."
FDX,FedEx Corp.
FE,FirstEnergy Corp.
FEI,First Trust MLP & Energy Income Fund
FEN,First Trust Energy Income & Growth Fund
FEO,First Trust Aberdeen Emerging Opportunity Fund
FET,"Forum Energy Technologies, Inc."
FF,FutureFuel Corp.
FFA,First Trust Enhanced Equity Income Fund
FFC,"Flaherty & Crumrine Preferred & Income Securities Fund, Inc."
FFG,"FBL Financial Group, Inc."
FG,FGL Holdings
FGB,First Trust Specialty Finance & Financial Opportunities Fund
FGP,Ferrellgas Partners LP
FHB,"First Hawaiian, Inc."
FHN,First Horizon National Corp. (Tennessee)
FI,Frank's International NV
FIF,First Trust Energy Infrastructure Fund
FII,"Federated Investors, Inc."
FIS,"Fidelity National Information Services, Inc."
FIT,"Fitbit, Inc."
FIV,First Trust Senior Floating Rate 2022 Target Term Fund
FIX,"Comfort Systems USA, Inc."
FL,"Foot Locker, Inc."
FLC,"Flaherty & Crumrine Total Return Fund, Inc."
FLL,"Full House Resorts, Inc."
FLO,"Flowers Foods, Inc."
FLR,Fluor Corp.
FLS,Flowserve Corp.
FLT,"FleetCor Technologies, Inc."
FLY,FLY Leasing Ltd.
FMC,FMC Corp.
FMN,Federated Premier Municipal Income Fund
FMO,Fiduciary/Claymore Energy Infrastructure Fund
FMS,Fresenius Medical Care AG & Co. KGaA
FMX,Fomento Economico Mexicano SAB de CV
FMY,First Trust Mortgage Income Fund
FN,Fabrinet
FNB,F.N.B. Corp. (Pennsylvania)
FND,"Floor & Decor Holdings, Inc."
FNF,"Fidelity National Financial, Inc."
FNV,Franco
FOE,Ferro Corp.
FOF,Cohen & Steers Closed
FOR,"Forestar Group, Inc."
FOX,Fox Corp.
FPF,First Trust Intermediate Duration Preferred & Income Fund
FPH,Five Point Holdings LLC
FPI,"Farmland Partners, Inc."
FPL,First Trust New Opportunities MLP & Energy Fund
FR,"First Industrial Realty Trust, Inc."
FRA,"BlackRock Floating Rate Income Strategies Fund, Inc."
FRC,"First Republic Bank (San Francisco, California)"
FRD,"Friedman Industries, Inc."
FRO,Frontline Ltd.
FRT,Federal Realty Investment Trust
FSB,"Franklin Financial Network, Inc."
FSD,First Trust High Income Long/Short Fund
FSI,"Flexible Solutions International, Inc."
FSM,"Fortuna Silver Mines, Inc."
FSP,Franklin Street Properties Corp.
FSS,Federal Signal Corp.
FSV,FirstService Corp.
FT,Franklin Universal Trust
FTD,"FTD Cos., Inc."
FTF,Franklin Ltd. Duration Income Trust
FTI,TechnipFMC Plc
FTK,"Flotek Industries, Inc."
FTR,Frontier Communications Corp.
FTS,"Fortis, Inc."
FTV,Fortive Corp.
FUL,H.B. Fuller Co.
FUN,Cedar Fair LP
FUV,"Arcimoto, Inc."
FVE,"Five Star Senior Living, Inc."
FWP,Forward Pharma A/S
G,Genpact Ltd.
GAB,"Gabelli Equity Trust, Inc."
GAM,"General American Investors Co., Inc."
GBL,"GAMCO Investors, Inc."
GBR,"New Concept Energy, Inc."
GBT,"Global Blood Therapeutics, Inc."
GBX,"Greenbrier Cos., Inc."
GCI,"Gannett Co., Inc."
GCO,"Genesco, Inc."
GCP,"GCP Applied Technologies, Inc."
GCV,"The Gabelli Convertible & Income Securities Fund, Inc."
GD,General Dynamics Corp.
GDI,"Gardner Denver Holdings, Inc."
GDL,The GDL Fund
GDO,"Western Asset Global Corporate Defined Opportunity Fund, Inc."
GDP,Goodrich Petroleum Corp.
GDS,GDS Holdings Ltd.
GDV,The Gabelli Dividend & Income Trust
GE,General Electric Co.
GEC,"Great Elm Capital Group, Inc."
GEF,"Greif, Inc."
GEL,Genesis Energy LP
GEN,"Genesis Healthcare, Inc."
GEO,"The GEO Group, Inc."
GER,Goldman Sachs MLP & Energy Renaissance Fund
GES,"Guess?, Inc."
GF,"New Germany Fund, Inc."
GFF,Griffon Corp.
GFI,Gold Fields Ltd.
GFN,General Finance Corp.
GFY,"Western Asset Variable Rate Strategic Fund, Inc."
GG,"Goldcorp, Inc."
GGB,Gerdau SA
GGG,"Graco, Inc."
GGM,Guggenheim Credit Allocation Fund
GGN,"GAMCO Global Gold, Natural Resources & Income Trust"
GGO,Gabelli Go Anywhere Trust
GGT,"The Gabelli Multimedia Trust, Inc."
GGZ,The Gabelli Global Small & Mid Cap Value Trust
GHC,Graham Holdings Co.
GHG,GreenTree Hospitality Group Ltd.
GHL,"Greenhill & Co., Inc."
GHM,Graham Corp.
GHY,"PGIM Global High Yield Fund, Inc."
GIB,"CGI, Inc."
GIL,"Gildan Activewear, Inc."
GIM,Templeton Global Income Fund
GIS,"General Mills, Inc."
GJH,STRATS Trust for U.S. Cellular Corp. SEC Series 2004
GJO,"STRATS Trust for Wal Mart Stores, Inc. Series 2005"
GJP,"STRATS Trust for Dominion Resources, Inc. Series 2005"
GJS,STRATS Trust for Goldman Sachs Group Series 2006
GJT,STRATS Trust for Allstate Corp. Series 2006
GJV,STRATS Trust for News Corp. Series 2006
GLO,Clough Global Opportunities Fund
GLP,Global Partners LP
GLQ,Clough Global Equity Fund
GLT,P.H. Glatfelter Co.
GLU,Gabelli Global Utility & Income Trust
GLV,Clough Global Dividend & Income Fund
GLW,"Corning, Inc."
GM,General Motors Co.
GME,GameStop Corp.
GMO,"General Moly, Inc."
GMS,"GMS, Inc."
GMZ,Goldman Sachs MLP Income Opportunities Fund
GNC,"GNC Holdings, Inc."
GNE,Genie Energy Ltd.
GNK,Genco Shipping & Trading Ltd.
GNL,"Global Net Lease, Inc."
GNT,"Gamco Natural Resources, Gold & Income Trust"
GNW,"Genworth Financial, Inc."
GOF,Guggenheim Strategic Opportunities Fund
GOL,GOL Linhas Aéreas Inteligentes SA
GPC,Genuine Parts Co.
GPI,"Group 1 Automotive, Inc."
GPK,Graphic Packaging Holding Co.
GPL,Great Panther Mining Ltd.
GPM,Guggenheim Enhanced Equity Income Fund
GPN,"Global Payments, Inc."
GPP,Green Plains Partners LP
GPS,"Gap, Inc."
GPX,GP Strategies Corp.
GRA,W.R. Grace & Co.
GRC,The Gorman
GRF,"Eagle Capital Growth Fund, Inc."
GRX,The Gabelli Healthcare & WellnessRx Trust
GS,"The Goldman Sachs Group, Inc."
GSB,"GlobalSCAPE, Inc."
GSH,"Guangshen Railway Co., Ltd."
GSK,GlaxoSmithKline Plc
GSL,"Global Ship Lease, Inc."
GSM,Ferroglobe PLC
GSS,Golden Star Resources Ltd.
GSV,Gold Standard Ventures Corp.
GT,Goodyear Tire & Rubber Co.
GTE,"Gran Tierra Energy, Inc."
GTN,"Gray Television, Inc."
GTS,Triple
GTT,"GTT Communications, Inc."
GTY,Getty Realty Corp.
GUT,Gabelli Utility Trust
GV,Goldfield Corp.
GVA,"Granite Construction, Inc."
GVP,"GSE Systems, Inc."
GWB,"Great Western Bancorp, Inc. (South Dakota)"
GWR,"Genesee & Wyoming, Inc."
GWW,"W.W. Grainger, Inc."
GYB,CABCO Series 2004
GYC,CABCO Series 2004
GZT,Gazit
H,Hyatt Hotels Corp.
HA,"Hawaiian Holdings, Inc."
HAE,Haemonetics Corp.
HAL,Halliburton Co.
HAS,"Hasbro, Inc."
HBB,Hamilton Beach Brands Holding Co.
HBI,"Hanesbrands, Inc."
HBK,"Hamilton Bancorp, Inc. (Maryland)"
HBM,"HudBay Minerals, Inc."
HBP,"Huttig Building Products, Inc."
HCA,"HCA Healthcare, Inc."
HCC,"Warrior Met Coal, Inc."
HCI,"HCI Group, Inc."
HCM,Hutchison China MediTech Ltd.
HCP,"Healthpeak Properties, Inc."
HD,"The Home Depot, Inc."
HDB,HDFC Bank Ltd.
HDS,"HD Supply Holdings, Inc."
HE,"Hawaiian Electric Industries, Inc."
HEB,"Hemispherx Biopharma, Inc."
HEI,HEICO Corp.
HEP,Holly Energy Partners LP
HEQ,John Hancock Hedged Equity & Income Fund
HES,Hess Corp.
HF,"HFF, Inc."
HFC,HollyFrontier Corp.
HGH,"The Hartford Financial Services Group, Inc."
HGV,"Hilton Grand Vacations, Inc."
HHC,The Howard Hughes Corp.
HHS,Harte
HI,"Hillenbrand, Inc."
HIE,Miller/Howard High Income Equity Fund
HIG,"The Hartford Financial Services Group, Inc."
HII,"Huntington Ingalls Industries, Inc."
HIL,"Hill International, Inc."
HIO,"Western Asset High Income Opportunity Fund, Inc."
HIW,"Highwoods Properties, Inc."
HIX,"Western Asset High Income Fund II, Inc."
HJV,MS Structured SATURNS Series 2007
HK,Halcón Resources Corp.
HL,Hecla Mining Co.
HLF,Herbalife Nutrition Ltd.
HLG,"Hailiang Education Group, Inc."
HLI,"Houlihan Lokey, Inc."
HLT,"Hilton Worldwide Holdings, Inc."
HLX,"Helix Energy Solutions Group, Inc."
HMC,"Honda Motor Co., Ltd."
HMG,"HMG/Courtland Properties, Inc."
HMI,Huami Corp.
HMN,Horace Mann Educators Corp.
HMY,Harmony Gold Mining Co. Ltd.
HNI,HNI Corp.
HNP,"Huaneng Power International, Inc."
HNW,Pioneer Diversified High Income Trust
HOG,Harley
HON,"Honeywell International, Inc."
HOS,"Hornbeck Offshore Services, Inc. (Louisiana)"
HOV,"Hovnanian Enterprises, Inc."
HP,"Helmerich & Payne, Inc."
HPE,Hewlett
HPF,John Hancock Preferred Income Fund II
HPI,John Hancock Preferred Income Fund
HPJ,"Highpower International, Inc."
HPP,"Hudson Pacific Properties, Inc."
HPQ,"HP, Inc."
HPR,HighPoint Resources Corp.
HPS,John Hancock Preferred Income Fund III
HPT,Hospitality Properties Trust
HQH,Tekla Healthcare Investors
HQL,Tekla Life Sciences Investors
HQY,"HealthEquity, Inc."
HR,"Healthcare Realty Trust, Inc."
HRB,"H&R Block, Inc."
HRC,Hill
HRI,"Herc Holdings, Inc."
HRL,Hormel Foods Corp.
HRS,Harris Corp.
HSC,Harsco Corp.
HST,"Host Hotels & Resorts, Inc."
HSY,The Hershey Co.
HT,Hersha Hospitality Trust
HTA,"Healthcare Trust of America, Inc."
HTD,John Hancock Tax
HTH,"Hilltop Holdings, Inc."
HTY,John Hancock Tax
HTZ,"Hertz Global Holdings, Inc."
HUD,Hudson Ltd.
HUM,"Humana, Inc."
HUN,Huntsman Corp.
HVT,"Haverty Furniture Cos., Inc."
HX,Hexindai Inc.
HXL,Hexcel Corp.
HY,Hyster
HYB,"New America High Income Fund, Inc."
HYI,"Western Asset High Yield Defined Opportunity Fund, Inc."
HYT,"BlackRock Corporate High Yield Fund, Inc."
HZN,Horizon Global Corp.
HZO,"MarineMax, Inc."
I,Intelsat SA
IAC,IAC/InterActiveCorp.
IAE,Voya Asia Pacific High Dividend Equity Income Fund
IAF,"Aberdeen Australia Equity Fund, Inc."
IAG,IAMGOLD Corp.
IBA,Industrias Bachoco SAB de CV
IBM,International Business Machines Corp.
IBN,ICICI Bank Ltd.
IBP,"Installed Building Products, Inc."
ICD,"Independence Contract Drilling, Inc."
ICE,"Intercontinental Exchange, Inc."
ICL,ICL
IDA,"IDACORP, Inc."
IDE,"Voya Infrastructure, Industrials & Materials Fund"
IDN,"Intellicheck, Inc."
IDT,IDT Corp.
IEA,"Infrastructure & Energy Alternatives, Inc."
IEC,IEC Electronics Corp.
IEP,Icahn Enterprises LP
IEX,IDEX Corp.
IFF,"International Flavors & Fragrances, Inc."
IFN,"The India Fund, Inc."
IGA,Voya Global Advantage & Premium Opportunity Fund
IGC,"India Globalization Capital, Inc."
IGD,Voya Global Equity Dividend & Premium Opportunity Fund
IGI,"Western Asset Investment Grade Defined Opportunity Tr, Inc."
IGR,CBRE Clarion Global Real Estate Income Fund
IGT,International Game Technology Plc
IHC,Independence Holding Co.
IHD,Voya Emerging Markets High Dividend Equity Fund
IHG,InterContinental Hotels Group Plc
IID,Voya International High Dividend Equity Income Fund
IIF,"Morgan Stanley India Investment Fund, Inc."
III,"Information Services Group, Inc."
IIM,Invesco Value Municipal Income Trust
IIN,Intricon Corp.
IMH,"Impac Mortgage Holdings, Inc."
IMI,"Intermolecular, Inc."
IMO,Imperial Oil Ltd.
INB,"Cohen & Steers Global Income Builder, Inc."
INF,"Brookfield Global Listed Infrastructure Income Fund, Inc."
ING,ING Groep NV
INN,"Summit Hotel Properties, Inc."
INO,"Inovio Pharmaceuticals, Inc."
INS,Intelligent Systems Corp.
INT,World Fuel Services Corp.
IO,ION Geophysical Corp.
IOR,"Income Opportunity Realty Investors, Inc."
IP,International Paper Co.
IPB,"Merrill Lynch Depositor, Inc. INDEXPLUS Trust Series 2003"
IPG,"Interpublic Group of Cos., Inc."
IPI,"Intrepid Potash, Inc."
IQ,"iQIYI, Inc."
IQI,Invesco Quality Municipal Income Trust
IQV,"IQVIA Holdings, Inc."
IR,"Ingersoll Rand, Inc."
IRL,"The New Ireland Fund, Inc."
IRM,"Iron Mountain, Inc."
IRR,Voya Natural Resources Equity Income Fund
IRS,IRSA Inversiones y Representaciones SA
IRT,"Independence Realty Trust, Inc."
ISD,"PGIM High Yield Bond Fund, Inc."
ISF,ING Groep NV
ISG,ING Groep NV
ISR,"IsoRay, Inc."
IT,"Gartner, Inc."
ITG,"Investment Technology Group, Inc."
ITI,"Iteris, Inc."
ITT,"ITT, Inc."
ITW,"Illinois Tool Works, Inc."
IVC,Invacare Corp.
IVH,Ivy High Income Opportunities Fund
IVR,"Invesco Mortgage Capital, Inc."
IVZ,Invesco Ltd.
IX,ORIX Corp.
JAG,"Jagged Peak Energy, Inc."
JAX,"J. Alexander's Holdings, Inc."
JBK,Corporate Backed Trust Certificates
JBL,"Jabil, Inc."
JBN,"Select Asset, Inc."
JBR,"Select Asset, Inc."
JBT,John Bean Technologies Corp.
JCE,Nuveen Core Equity Alpha Fund
JCI,Johnson Controls International Plc
JCO,Nuveen Credit Opportunities 2022 Target Term Fund
JCP,"J. C. Penney Co., Inc."
JCS,"Communications Systems, Inc."
JD,"JD.com, Inc."
JDD,Nuveen Diversified Dividend & Income Fund
JE,"Just Energy Group, Inc."
JEC,"Jacobs Engineering Group, Inc."
JEQ,"Aberdeen Japan Equity Fund, Inc."
JFR,Nuveen Floating Rate Income Fund
JGH,Nuveen Global High Income Fund
JHB,Nuveen High Income November 2021 Target Term Fund
JHD,Nuveen High Income December 2019 Target Term Fund
JHG,Janus Henderson Group Plc
JHI,John Hancock Investors Trust
JHS,John Hancock Income Securities Trust
JHX,James Hardie Industries Plc
JHY,Nuveen High Income 2020 Target Term Fund
JKS,"JinkoSolar Holding Co., Ltd."
JLL,"Jones Lang LaSalle, Inc."
JLS,Nuveen Mortgage & Income Fund
JMF,Nuveen Energy MLP Total Return Fund
JMM,Nuveen Multi
JMP,JMP Group LLC
JMT,Nuveen Mortgage Opportunity Term Fund 2
JMU,JMU Ltd.
JNJ,Johnson & Johnson
JOB,"GEE Group, Inc."
JOE,The St. Joe Co.
JOF,"Japan Smaller Capitalization Fund, Inc."
JP,Jupai Holdings Ltd.
JPC,Nuveen Preferred Income Opportunities Fund
JPI,Nuveen Preferred & Income Term Fund
JPM,JPMorgan Chase & Co.
JPS,Nuveen Preferred & Income Securities Fund
JPT,Nuveen Preferred & Income 2022 Term Fund
JQC,Nuveen Credit Strategies Income Fund
JRI,Nuveen Real Asset Income & Growth Fund
JRO,Nuveen Floating Rate Income Opportunity Fund
JRS,Nuveen Real Estate Income Fund
JSD,Nuveen Short Duration Credit Opportunities Fund
JSM,Navient Corp.
JT,"Jianpu Technology, Inc."
JTA,Nuveen Tax
JTD,Nuveen Tax
JVA,"Coffee Holding Co., Inc."
JWN,"Nordstrom, Inc."
K,Kellogg Co.
KAI,"Kadant, Inc."
KAR,"KAR Auction Services, Inc."
KB,"KB Financial Group, Inc."
KBH,KB Home
KBR,"KBR, Inc."
KE,"Kimball Electronics, Inc."
KEG,"Key Energy Services, Inc."
KEM,KEMET Corp.
KEN,Kenon Holdings Ltd.
KEP,Korea Electric Power Corp.
KEX,Kirby Corp.
KEY,KeyCorp
KF,"The Korea Fund, Inc."
KFS,"Kingsway Financial Services, Inc."
KFY,Korn Ferry
KGC,Kinross Gold Corp.
KHC,The Kraft Heinz Co.
KIM,Kimco Realty Corp.
KIN,"Kindred Biosciences, Inc."
KIO,KKR Income Opportunities Fund
KIQ,"Kelso Technologies, Inc."
KKR,"KKR & Co., Inc."
KL,Kirkland Lake Gold Ltd.
KMB,Kimberly
KMF,"Kayne Anderson Midstream/Energy Fund, Inc."
KMI,"Kinder Morgan, Inc."
KMT,"Kennametal, Inc."
KMX,"CarMax, Inc."
KN,Knowles Corp.
KNL,"Knoll, Inc."
KNX,Knight
KO,The Coca
KOF,Coca
KOP,"Koppers Holdings, Inc."
KOS,Kosmos Energy Ltd.
KR,The Kroger Co.
KRA,Kraton Corp.
KRC,Kilroy Realty Corp.
KRG,Kite Realty Group Trust
KRO,"Kronos Worldwide, Inc."
KRP,Kimbell Royalty Partners LP
KSM,DWS Strategic Municipal Income Trust
KSS,Kohl's Corp.
KSU,Kansas City Southern
KT,KT Corp.
KTF,DWS Municipal Income Trust
KTH,Corporate Backed Trust Certificates
KTN,Corporate Backed Trust Certificates
KTP,Corporate Backed Trust Certificates
KW,Kennedy
KWR,Quaker Chemical Corp.
KYN,Kayne Anderson MLP/Midstream Investment Co.
L,Loews Corp.
LAC,Lithium Americas Corp.
LAD,"Lithia Motors, Inc."
LAZ,Lazard Ltd.
LB,"L Brands, Inc."
LBC,Luther Burbank Corp.
LBY,"Libbey, Inc."
LC,LendingClub Corp.
LCA,"Landcadia Holdings II, Inc."
LCI,"Lannett Co., Inc."
LDL,"Lydall, Inc."
LDP,"Cohen & Steers Ltd. Duration Preferred & Income Fund, Inc."
LE,"Lands' End, Inc."
LEA,Lear Corp.
LEE,"Lee Enterprises, Inc."
LEG,"Leggett & Platt, Inc."
LEN,Lennar Corp.
LEO,"BNY Mellon Strategic Municipals, Inc."
LEU,Centrus Energy Corp.
LFC,China Life Insurance Co. Ltd.
LGC,Legacy Acquisition Corp.
LGI,"Lazard Global Total Return & Income Fund, Inc."
LGL,"LGL Group, Inc."
LH,Laboratory Corp. of America Holdings
LII,"Lennox International, Inc."
LKM, 
LKQ,LKQ Corp.
LL,"Lumber Liquidators Holdings, Inc."
LLL,"L3 Technologies, Inc."
LLY,Eli Lilly & Co.
LM,"Legg Mason, Inc."
LMB,"Limbach Holdings, Inc."
LMT,Lockheed Martin Corp.
LN,LINE Corp.
LNC,Lincoln National Corp.
LND,BrasilAgro Cia Brasileira de Propriedades Agricolas
LNG,"Cheniere Energy, Inc."
LNN,Lindsay Corp.
LNT,Alliant Energy Corp.
LOB,"Live Oak Bancshares, Inc."
LOR,"Lazard World Dividend & Income Fund, Inc."
LOV,Spark Networks SE
LOW,"Lowe's Cos., Inc."
LPG,Dorian LPG Ltd.
LPI,"Laredo Petroleum, Inc."
LPL,"LG Display Co., Ltd."
LPT,Liberty Property Trust
LPX,Louisiana
LRN,"K12, Inc."
LSI,"Life Storage, Inc."
LTC,"LTC Properties, Inc."
LTM,LATAM Airlines Group SA
LTN,Union Acquisition Corp.
LTS,"Ladenburg Thalmann Financial Services, Inc."
LUB,"Luby's, Inc."
LUV,Southwest Airlines Co.
LVS,Las Vegas Sands Corp.
LW,"Lamb Weston Holdings, Inc."
LX,Lexinfintech Holdings Ltd.
LXP,Lexington Realty Trust
LXU,"LSB Industries, Inc."
LYB,LyondellBasell Industries NV
LYG,Lloyds Banking Group Plc
LYL,Dragon Victory International Ltd.
LYV,"Live Nation Entertainment, Inc."
LZB,La
M,"Macy's, Inc."
MA,"Mastercard, Inc."
MAA,Mid
MAC,Macerich Co.
MAG,MAG Silver Corp.
MAN,"ManpowerGroup, Inc."
MAR,"Marriott International, Inc."
MAS,Masco Corp.
MAT,"Mattel, Inc."
MAV,Pioneer Municipal High Income Advantage Trust
MB,"MINDBODY, Inc. Class A"
MBI,"MBIA, Inc."
MBT,Mobile TeleSystems PJSC
MC,Moelis & Co.
MCA,"BlackRock MuniYield California Quality Fund, Inc."
MCB,Metropolitan Bank Holding Corp.
MCC,Medley Capital Corp.
MCD,McDonald's Corp.
MCF,Contango Oil & Gas Co.
MCI,Barings Corporate Investors
MCK,McKesson Corp.
MCN,Madison Covered Call & Equity Strategy Fund
MCO,Moody's Corp.
MCR,MFS Charter Income Trust
MCS,Marcus Corp.
MCV,Medley Capital Corp.
MCX,Medley Capital Corp.
MCY,Mercury General Corp.
MD,"MEDNAX, Inc."
MDB,"MongoDB, Inc."
MDC,"M.D.C. Holdings, Inc."
MDP,Meredith Corp.
MDR,"McDermott International, Inc."
MDT,Medtronic Plc
MDU,"MDU Resources Group, Inc."
MED,"Medifast, Inc."
MEI,"Methode Electronics, Inc."
MEN,"BlackRock MuniEnhanced Fund, Inc."
MET,"MetLife, Inc."
MFA,"MFA Financial, Inc."
MFC,Manulife Financial Corp.
MFD,Macquarie/First Trust Global Infra/Util Dividend & Income Fd
MFG,"Mizuho Financial Group, Inc."
MFL,BlackRock MuniHoldings Investment Quality Fund
MFM,MFS Municipal Income Trust
MFO,"MFA Financial, Inc."
MFT,Blackrock MuniYield Investment Quality Fund
MFV,MFS Special Value Trust
MG,"MISTRAS Group, Inc."
MGA,"Magna International, Inc."
MGF,MFS Government Markets Income Trust
MGI,"MoneyGram International, Inc."
MGM,MGM Resorts International
MGP,MGM Growth Properties LLC
MGU,"Macquarie Global Infrastructure Total Return Fund, Inc."
MHD,"BlackRock MuniHoldings Fund, Inc."
MHE,BlackRock Massachusetts Tax
MHF,"Western Asset Municipal High Income Fund, Inc."
MHH,"Mastech Digital, Inc."
MHI,Pioneer Municipal High Income Trust
MHK,"Mohawk Industries, Inc."
MHN,"BlackRock MuniHoldings New York Quality Fund, Inc."
MHO,"M/I Homes, Inc."
MIC,Macquarie Infrastructure Corp.
MIE,Cohen & Steers MLP Income & Energy Opportunity Fund Inc
MIK,"Michaels Cos., Inc."
MIN,MFS Intermediate Income Trust
MIY,"BlackRock MuniYield Michigan Quality Fund, Inc."
MKC,"McCormick & Co., Inc."
MKL,Markel Corp.
MLI,"Mueller Industries, Inc."
MLM,"Martin Marietta Materials, Inc."
MLP,"Maui Land & Pineapple Co., Inc."
MLR,"Miller Industries, Inc. (Tennessee)"
MMC,"Marsh & McLennan Cos., Inc."
MMD,Mainstay Mackay Definedterm Municipal Opportunities Fund
MMI,"Marcus & Millichap, Inc."
MMM,3M Co.
MMP,Magellan Midstream Partners LP
MMS,"MAXIMUS, Inc."
MMT,MFS Multimarket Income Trust
MMU,"Western Asset Managed Municipals Fund, Inc."
MMV,Eaton Vance Massachusetts Municipal Income Trust
MN,"Manning & Napier, Inc."
MNE,"BlackRock Muni New York Intermediate Duration Fund, Inc."
MNI,The McClatchy Co.
MNK,Mallinckrodt Plc
MNP,"Western Asset Municipal Partners Fund, Inc."
MNR,Monmouth Real Estate Investment Corp.
MO,"Altria Group, Inc."
MOC,Command Security Corporation
MOD,Modine Manufacturing Co.
MOH,"Molina Healthcare, Inc."
MOR,MorphoSys AG
MOS,The Mosaic Co.
MOV,"Movado Group, Inc."
MPA,BlackRock MuniYield Pennsylvania Quality Fund
MPB,"Mid Penn Bancorp, Inc."
MPC,Marathon Petroleum Corp.
MPO,"Midstates Petroleum Co., Inc."
MPV,Barings Participation Investors
MPW,"Medical Properties Trust, Inc."
MPX,Marine Products Corp.
MQT,"BlackRock MuniYield Quality Fund II, Inc."
MQY,"BlackRock MuniYield Quality Fund, Inc."
MRC,"MRC Global, Inc."
MRK,"Merck & Co., Inc."
MRO,Marathon Oil Corp.
MRT,"MedEquities Realty Trust, Inc."
MS,Morgan Stanley
MSA,"MSA Safety, Inc."
MSB,Mesabi Trust
MSD,"Morgan Stanley Emerging Markets Debt Fund, Inc."
MSF,Morgan Stanley Emerging Markets Fund Inc
MSG,The Madison Square Garden Co.
MSI,"Motorola Solutions, Inc."
MSL,"MidSouth Bancorp, Inc. (Louisiana)"
MSM,"MSC Industrial Direct Co., Inc."
MSN,Emerson Radio Corp.
MT,ArcelorMittal SA
MTB,M&T Bank Corp.
MTD,Mettler
MTG,MGIC Investment Corp.
MTH,Meritage Homes Corp.
MTL,Mechel PAO
MTN,"Vail Resorts, Inc."
MTP,Midatech Pharma Plc
MTR,Mesa Royalty Trust
MTT,"Western Asset Municipal Defined Opportunity Trust, Inc."
MTW,"The Manitowoc Co., Inc."
MTX,"Minerals Technologies, Inc."
MTZ,"MasTec, Inc."
MU,"Micron Technology, Inc."
MUA,"BlackRock MuniAssets Fund, Inc."
MUC,"BlackRock MuniHoldings California Quality Fund, Inc."
MUE,"BlackRock MuniHoldings Quality Fund II, Inc."
MUH,"BlackRock MuniHoldings Fund II, Inc."
MUI,"BlackRock Muni Intermediate Duration Fund, Inc."
MUJ,"BlackRock MuniHoldings New Jersey Quality Fund, Inc."
MUR,Murphy Oil Corp.
MUS,"BlackRock MuniHoldings Quality Fund, Inc."
MUX,"McEwen Mining, Inc."
MVC,"MVC Capital, Inc."
MVF,"BlackRock MuniVest Fund, Inc."
MVO,MV Oil Trust
MVT,"BlackRock MuniVest Fund II, Inc."
MWA,"Mueller Water Products, Inc."
MX,MagnaChip Semiconductor Corp.
MXC,Mexco Energy Corp.
MXE,"Mexico Equity & Income Fund, Inc."
MXF,"The Mexico Fund, Inc."
MXL,"MaxLinear, Inc."
MYC,"BlackRock MuniYield California Fund, Inc."
MYD,"BlackRock MuniYield Fund, Inc."
MYE,"Myers Industries, Inc."
MYF,BlackRock MuniYield Investment Fund
MYI,"BlackRock MuniYield Quality Fund III, Inc."
MYJ,"BlackRock MuniYield New Jersey Fund, Inc."
MYL,Mylan NV
MYN,"BlackRock MuniYield New York Quality Fund, Inc."
MYO,"Myomo, Inc."
MZA,"BlackRock MuniYield Arizona Fund, Inc."
NAC,Nuveen California Quality Municipal Income Fund
NAD,Nuveen Quality Municipal Income Fund
NAK,Northern Dynasty Minerals Ltd.
NAN,Nuveen New York Quality Municipal Income Fund
NAO,Hermitage Offshore Services Ltd.
NAT,Nordic American Tankers Ltd.
NAV,Navistar International Corp.
NAZ,Nuveen Arizona Quality Municipal Income Fund
NBB,Nuveen Taxable Municipal Income Fund
NBH,"Neuberger Berman Municipal Fund, Inc."
NBL,"Noble Energy, Inc."
NBN,Northeast Bank (Maine)
NBO,"Neuberger Berman New York Municipal Fund, Inc."
NBR,Nabors Industries Ltd.
NBW,"Neuberger Berman California Municipal Fund, Inc."
NBY,"NovaBay Pharmaceuticals, Inc."
NC,"NACCO Industries, Inc."
NCA,"Nuveen California Municipal Value Fund, Inc."
NCB,Nuveen California Municipal Value Fund 2
NCI,"Navigant Consulting, Inc."
NCR,NCR Corp.
NCS,"NCI Building Systems, Inc."
NCV,AllianzGI Convertible & Income Fund
NCZ,AllianzGI Convertible & Income Fund II
NDP,"Tortoise Energy Independence Fund, Inc."
NE,Noble Corp. Plc
NEA,Nuveen AMT
NEE,"NextEra Energy, Inc."
NEM,Newmont Corp.
NEN,New England Realty Associates LP
NEO,"NeoGenomics, Inc."
NEP,NextEra Energy Partners LP
NES,"Nuverra Environmental Solutions, Inc."
NEU,NewMarket Corp.
NEV,Nuveen Enhanced Municipal Value Fund
NFG,National Fuel Gas Co.
NFJ,AllianzGI NFJ Dividend Interest & Premium Strategy Fund
NFX,Newfield Exploration Company
NG,"NovaGold Resources, Inc."
NGD,"New Gold, Inc."
NGG,National Grid Plc
NGL,NGL Energy Partners LP
NGS,"Natural Gas Services Group, Inc."
NH,"NantHealth, Inc."
NHA,Nuveen Municipal 2021 Target Term Fund
NHC,National HealthCare Corp.
NHF,NexPoint Strategic Opportunities Fund
NHI,"National Health Investors, Inc."
NHS,Neuberger Berman High Yield Strategies Fund Inc
NI,"NiSource, Inc."
NID,Nuveen Intermediate Duration Municipal Term Fund
NIE,AllianzGI Equity & Convertible Income Fund
NIM,Nuveen Select Maturities Municipal Fund
NIQ,Nuveen Intermediate Duration Quality Municipal Term Fund
NJR,New Jersey Resources Corp.
NJV,Nuveen New Jersey Municipal Value Fund
NK,"NantKwest, Inc."
NKE,"NIKE, Inc."
NKG,Nuveen Georgia Quality Municipal Income Fund
NKX,Nuveen California AMT
NL,"NL Industries, Inc."
NLS,"Nautilus, Inc."
NLY,"Annaly Capital Management, Inc."
NM,"Navios Maritime Holdings, Inc."
NMI,"Nuveen Municipal Income Fund, Inc."
NML,"Neuberger Berman MLP & Energy Income Fund, Inc."
NMM,Navios Maritime Partners LP
NMR,"Nomura Holdings, Inc."
NMS,Nuveen Minnesota Quality Municipal Income Fund
NMT,Nuveen Massachusetts Quality Municipal Income Fund
NMY,Nuveen Maryland Quality Municipal Income Fund
NMZ,Nuveen Municipal High Income Opportunity Fund
NNA,Navios Maritime Acquisition Corp.
NNC,Nuveen North Carolina Quality Municipal Income Fund
NNI,"Nelnet, Inc."
NNN,"National Retail Properties, Inc."
NNY,"Nuveen New York Municipal Value Fund, Inc."
NOA,North American Construction Group Ltd.
NOC,Northrop Grumman Corp.
NOG,"Northern Oil & Gas, Inc."
NOK,Nokia Oyj
NOM,Nuveen Missouri Quality Municipal Income Fund
NOV,"National Oilwell Varco, Inc."
NOW,"ServiceNow, Inc."
NP,"Neenah, Inc."
NPK,"National Presto Industries, Inc."
NPN,Nuveen Pennsylvania Municipal Value Fund
NPO,"EnPro Industries, Inc."
NPV,Nuveen Virginia Quality Municipal Income Fund
NQP,Nuveen Pennsylvania Quality Municipal Income Fund
NR,"Newpark Resources, Inc."
NRC,National Research Corp.
NRE,NorthStar Realty Europe Corp.
NRG,"NRG Energy, Inc."
NRK,Nuveen New York AMT
NRO,"Neuberger Berman Real Estate Securities Income Fund, Inc."
NRP,Natural Resource Partners LP
NRT,North European Oil Royalty Trust
NRZ,New Residential Investment Corp.
NS,NuStar Energy LP
NSA,National Storage Affiliates Trust
NSC,Norfolk Southern Corp.
NSL,Nuveen Senior Income Fund
NSP,"Insperity, Inc."
NSS,NuStar Logistics LP
NSU,Nevsun Resources Ltd.
NTB,The Bank of N.T. Butterfield & Son Ltd.
NTC,Nuveen Connecticut Quality Municipal Income Fund
NTG,"Tortoise Midstream Energy Fund, Inc."
NTN,"NTN Buzztime, Inc."
NTP,"Nam Tai Property, Inc."
NTR,Nutrien Ltd.
NTX,Nuveen Texas Quality Municipal Income Fund
NTZ,Natuzzi SpA
NUE,Nucor Corp.
NUM,Nuveen Michigan Quality Municipal Income Fund
NUO,Nuveen Ohio Quality Municipal Income Fund
NUS,"Nu Skin Enterprises, Inc."
NUV,"Nuveen Municipal Value Fund, Inc."
NUW,Nuveen AMT
NVG,Nuveen AMT
NVO,Novo Nordisk A/S
NVR,"NVR, Inc."
NVS,Novartis AG
NVT,nVent Electric Plc
NWE,NorthWestern Corp.
NWL,"Newell Brands, Inc."
NWN,Northwest Natural Holding Co.
NWS,News Corp.
NWY, 
NX,Quanex Building Products Corp.
NXC,Nuveen California Select Tax Free Income Portfolio
NXE,NexGen Energy Ltd.
NXJ,Nuveen New Jersey Quality Municipal Income Fund
NXN,Nuveen New York Select Tax
NXP,Nuveen Select Tax
NXQ,Nuveen Select Tax
NXR,Nuveen Select Tax
NYT,The New York Times Co.
NYV,Nuveen New York Municipal Value Fund 2
NZF,Nuveen Municipal Credit Income Fund
O,Realty Income Corp.
OAK,Oaktree Capital Group LLC
OAS,"Oasis Petroleum, Inc."
OBE,Obsidian Energy Ltd.
OC,Owens Corning
OCC,Optical Cable Corp.
OCN,Ocwen Financial Corp.
OCX,OncoCyte Corp.
ODC,Oil
ODP,"Office Depot, Inc."
ODT,"Odonate Therapeutics, Inc."
OEC,Orion Engineered Carbons SA
OFC,"Corporate Office Properties Trust, Inc."
OFG,OFG Bancorp
OFS,OFS Capital Corp.
OGE,OGE Energy Corp.
OGS,"ONE Gas, Inc."
OHI,"Omega Healthcare Investors, Inc."
OI,O
OIA,Invesco Municipal Income Opportunities Trust
OII,"Oceaneering International, Inc."
OIS,"Oil States International, Inc."
OKE,"ONEOK, Inc."
OLN,Olin Corp.
OLP,"One Liberty Properties, Inc."
OMC,"Omnicom Group, Inc."
OMF,"OneMain Holdings, Inc."
OMI,"Owens & Minor, Inc."
OMN,"OMNOVA Solutions, Inc."
OMP,Oasis Midstream Partners LP
ON,ON Semiconductor Corp.
ONB,Old National Bancorp
ONE,OneSmart International Education Group Ltd
OPB,Opus Bank
OPK,"OPKO Health, Inc."
OPP,"RiverNorth/DoubleLine Strategic Opportunity Fund, Inc."
OPY,"Oppenheimer Holdings, Inc."
OR,Osisko Gold Royalties Ltd.
ORA,"Ormat Technologies, Inc."
ORC,"Orchid Island Capital, Inc."
ORI,Old Republic International Corp.
ORM,"Owens Realty Mortgage, Inc."
ORN,"Orion Group Holdings, Inc."
OSB,"Norbord, Inc."
OSG,"Overseas Shipholding Group, Inc."
OSK,Oshkosh Corp.
OSN,"Ossen Innovation Co., Ltd."
OSS,"One Stop Systems, Inc."
OUT,"OUTFRONT Media, Inc."
OXM,"Oxford Industries, Inc."
OXY,Occidental Petroleum Corp.
OZM,"Sculptor Capital Management, Inc."
P,"Pandora Media, Inc."
PAA,Plains All American Pipeline LP
PAC,Grupo Aeroportuario del Pacífico SAB de CV
PAG,"Penske Automotive Group, Inc."
PAH,Platform Specialty Products Corp.
PAI,"Western Asset Investment Grade Income Fund, Inc."
PAM,Pampa Energía SA
PAR,PAR Technology Corp.
PB,"Prosperity Bancshares, Inc."
PBA,Pembina Pipeline Corp.
PBB,Prospect Capital Corp.
PBF,"PBF Energy, Inc."
PBH,"Prestige Consumer Healthcare, Inc."
PBI,"Pitney Bowes, Inc."
PBR,Petróleo Brasileiro SA
PBT,Permian Basin Royalty Trust
PCF,High Income Securities Fund
PCG,PG&E Corp.
PCH,PotlatchDeltic Corp.
PCI,PIMCO Dynamic Credit & Mortgage Income Fund
PCK,PIMCO California Municipal Income Fund II
PCM,"PCM Fund, Inc."
PCN,PIMCO Corporate & Income Strategy Fund
PCQ,PIMCO California Municipal Income Fund
PDI,PIMCO Dynamic Income Fund
PDM,"Piedmont Office Realty Trust, Inc."
PDS,Precision Drilling Corp.
PDT,John Hancock Premium Dividend Fund
PE,"Parsley Energy, Inc."
PEB,Pebblebrook Hotel Trust
PED,PEDEVCO Corp.
PEG,"Public Service Enterprise Group, Inc."
PEI,Pennsylvania Real Estate Investment Trust
PEN,"Penumbra, Inc."
PEO,"Adams Natural Resources Fund, Inc."
PEP,"PepsiCo, Inc."
PER,SandRidge Permian Trust
PES,Pioneer Energy Services Corp.
PFD,"Flaherty & Crumrine Preferred & Income Fund, Inc."
PFE,Pfizer Inc.
PFG,"Principal Financial Group, Inc."
PFH,CABCO Trust for JC Penney Debentures
PFL,PIMCO Income Strategy Fund
PFN,PIMCO Income Strategy Fund II
PFO,"Flaherty & Crumrine Preferred & Income Opportunity Fund, Inc."
PFS,"Provident Financial Services, Inc."
PG,Procter & Gamble Co.
PGC,Peapack
PGP,PIMCO Global StocksPLUS & Income Fund
PGR,Progressive Corp.
PGZ,Principal Real Estate Income Fund
PH,Parker
PHD,Pioneer Floating Rate Trust
PHG,Koninklijke Philips NV
PHI,"PLDT, Inc."
PHK,PIMCO High Income Fund
PHM,"PulteGroup, Inc."
PHT,Pioneer High Income Trust
PHX,"Panhandle Oil & Gas, Inc."
PI,"Impinj, Inc."
PIH,"1347 Property Insurance Holdings, Inc."
PII,Polaris Inc.
PIM,Putnam Master Intermediate Income Trust
PIR,"Pier 1 Imports, Inc."
PIY,PreferredPlus Trust
PJC,Piper Jaffray Cos.
PJH,"Prudential Financial, Inc."
PJT,"PJT Partners, Inc."
PK,"Park Hotels & Resorts, Inc."
PKD,Parker Drilling Co.
PKE,Park Aerospace Corp.
PKG,Packaging Corporation of America
PKI,"PerkinElmer, Inc. (United States)"
PKO,PIMCO Income Opportunity Fund
PKX,POSCO
PLD,"Prologis, Inc."
PLG,Platinum Group Metals Ltd.
PLM,PolyMet Mining Corp.
PLT,"Plantronics, Inc."
PLX,"Protalix Biotherapeutics, Inc."
PM,"Philip Morris International, Inc."
PMD,Psychemedics Corp.
PME,"Pingtan Marine Enterprise, Ltd."
PMF,PIMCO Municipal Income Fund
PML,PIMCO Municipal Income Fund II
PMM,Putnam Managed Municipal Income Trust
PMO,Putnam Municipal Opportunities Trust
PMT,PennyMac Mortgage Investment Trust
PMX,PIMCO Municipal Income Fund III
PNC,"The PNC Financial Services Group, Inc."
PNF,PIMCO New York Municipal Income Fund
PNI,PIMCO New York Municipal Income Fund II
PNM,"PNM Resources, Inc."
PNR,Pentair Plc
PNW,Pinnacle West Capital Corp.
POL,PolyOne Corp.
POR,Portland General Electric Co.
PPC,Pilgrim's Pride Corp.
PPG,"PPG Industries, Inc."
PPL,PPL Corp.
PPR,Voya Prime Rate Trust
PPT,Putnam Premier Income Trust
PPX,"PPL Capital Funding, Inc."
PQG,"PQ Group Holdings, Inc."
PRA,ProAssurance Corp.
PRH,"Prudential Financial, Inc."
PRI,"Primerica, Inc."
PRK,Park National Corp.
PRO,"PROS Holdings, Inc."
PRT,PermRock Royalty Trust
PRU,"Prudential Financial, Inc."
PSA,Public Storage
PSB,"PS Business Parks, Inc."
PSF,"Cohen & Steers Select Preferred & Income Fund, Inc."
PSO,Pearson Plc
PSX,Phillips 66
PTC,"PTC, Inc."
PTI,"Proteostasis Therapeutics, Inc."
PTN,"Palatin Technologies, Inc."
PTR,"PetroChina Co., Ltd."
PTX,"Pernix Therapeutics Holdings, Inc."
PTY,PIMCO Corporate & Income Opportunity Fund
PUB,People's Utah Bancorp
PUK,Prudential Plc
PVG,"Pretium Resources, Inc."
PVH,PVH Corp.
PW,Power REIT
PWR,"Quanta Services, Inc."
PX, 
PXD,Pioneer Natural Resources Co.
PXS,"Pyxis Tankers, Inc."
PYN,PIMCO New York Municipal Income Fund III
PYS,PPLUS Trust
PYT,PPLUS Trust Series GSC
PZC,PIMCO California Municipal Income Fund III
PZG,Paramount Gold Nevada Corp.
PZN,"Pzena Investment Management, Inc."
QD,Qudian Inc.
QEP,"QEP Resources, Inc."
QES,"Quintana Energy Services, Inc."
QHC,Quorum Health Corp.
QSR,"Restaurant Brands International, Inc."
QTM,Quantum Corporation
QTS,"QTS Realty Trust, Inc."
R,"Ryder System, Inc."
RA,"Brookfield Real Assets Income Fund, Inc."
RAD,Rite Aid Corp.
RBA,"Ritchie Bros. Auctioneers, Inc."
RBB,RBB Bancorp
RBC,Regal Beloit Corp.
RBS,Royal Bank of Scotland Group Plc
RCG,"RENN Fund, Inc."
RCI,"Rogers Communications, Inc."
RCL,Royal Caribbean Cruises Ltd.
RCM,"R1 RCM, Inc."
RCS,"PIMCO Strategic Income Fund, Inc."
RDC,Rowan Cos. Plc
RDI,"Reading International, Inc."
RDN,Radian Group Inc.
RDY,Dr. Reddy's Laboratories Ltd.
RE,Everest Re Group Ltd.
REG,Regency Centers Corp.
REI,"Ring Energy, Inc."
REN,Resolute Energy Corporation
RES,"RPC, Inc."
REV,"Revlon, Inc."
REX,REX American Resources Corp.
RF,Regions Financial Corp.
RFI,"Cohen & Steers Total Return Realty Fund, Inc."
RFL,"Rafael Holdings, Inc."
RFP,"Resolute Forest Products, Inc."
RGA,"Reinsurance Group of America, Inc."
RGR,"Sturm, Ruger & Co., Inc."
RGS,Regis Corp.
RGT,"Royce Global Value Trust, Inc."
RH,RH
RHE,"Regional Health Properties, Inc."
RHI,"Robert Half International, Inc."
RHP,"Ryman Hospitality Properties, Inc."
RHT,"Red Hat, Inc."
RIF,RMR Real Estate Income Fund
RIG,Transocean Ltd.
RIO,Rio Tinto Plc
RIV,"RiverNorth Opportunities Fund, Inc."
RJF,"Raymond James Financial, Inc."
RL,Ralph Lauren Corp.
RLH,Red Lion Hotels Corp.
RLI,RLI Corp.
RLJ,RLJ Lodging Trust
RM,Regional Management Corp.
RMD,"ResMed, Inc."
RMR,"The RMR Group, Inc."
RMT,Royce Micro
RNG,"RingCentral, Inc."
RNN,"Rexahn Pharmaceuticals, Inc."
RNP,"Cohen & Steers REIT & Preferred & Income Fund, Inc."
RNR,RenaissanceRe Holdings Ltd.
ROG,Rogers Corp.
ROK,"Rockwell Automation, Inc."
ROL,"Rollins, Inc."
ROP,"Roper Technologies, Inc."
ROX,"Castle Brands, Inc."
RP,"RealPage, Inc."
RPD,"Rapid7, Inc."
RPM,"RPM International, Inc."
RPT,RPT Realty
RQI,"Cohen & Steers Quality Income Realty Fund, Inc."
RRC,Range Resources Corp.
RRD,R.R. Donnelley & Sons Co.
RRR,"Red Rock Resorts, Inc."
RS,Reliance Steel & Aluminum Co.
RSG,"Republic Services, Inc."
RST,"Rosetta Stone, Inc."
RTN,Raytheon Co.
RUN,"SunRun, Inc."
RVP,"Retractable Technologies, Inc."
RVT,"Royce Value Trust, Inc."
RWT,"Redwood Trust, Inc."
RXN,Rexnord Corp.
RY,Royal Bank of Canada
RYB,"RYB Education, Inc."
RYI,Ryerson Holding Corp.
RYN,"Rayonier, Inc."
RZA,"Reinsurance Group of America, Inc."
RZB,"Reinsurance Group of America, Inc."
S,Sprint Corp.
SA,"Seabridge Gold, Inc."
SAB,Saratoga Investment Corp.
SAH,"Sonic Automotive, Inc."
SAL,"Salisbury Bancorp, Inc."
SAM,"Boston Beer Co., Inc."
SAN,Banco Santander SA
SAP,SAP SE
SAR,Saratoga Investment Corp.
SB,"Safe Bulkers, Inc."
SBH,"Sally Beauty Holdings, Inc."
SBI,"Western Asset Intermediate Muni Fund, Inc."
SBR,Sabine Royalty Trust
SBS,Companhia de Saneamento Basico do Estado de Sao Paulo SABESP
SBT,"Sterling Bancorp, Inc. (Michigan)"
SC,"Santander Consumer USA Holdings, Inc."
SCA,Stellus Capital Investment Corp.
SCD,"LMP Capital & Income Fund, Inc."
SCI,Service Corp. International
SCL,Stepan Co.
SCM,Stellus Capital Investment Corp.
SCS,"Steelcase, Inc."
SCX,The L.S. Starrett Co.
SD,"SandRidge Energy, Inc."
SDI,"Standard Diversified, Inc."
SDR,Sandridge Mississippian Trust II
SDT,Sandridge Mississippian Trust I
SE,Sea Ltd. (Singapore)
SEB,Seaboard Corp.
SEE,Sealed Air Corp.
SEM,Select Medical Holdings Corp.
SES,"Synthesis Energy Systems, Inc."
SF,Stifel Financial Corp.
SFE,"Safeguard Scientifics, Inc."
SFL,SFL Corp. Ltd.
SFM,"Sprouts Farmers Markets, Inc."
SFS,"Smart & Final Stores, Inc."
SGA,"Saga Communications, Inc."
SGB,Southwest Georgia Financial Corp.
SGC,"Superior Group of Cos., Inc."
SGH,"SMART Global Holdings, Inc."
SGU,Star Group LP
SHG,"Shinhan Financial Group Co., Ltd."
SHI,Sinopec Shanghai Petrochemical Co. Ltd.
SHO,"Sunstone Hotel Investors, Inc."
SHW,The Sherwin
SID,Companhia Siderurgica Nacional
SIF,"SIFCO Industries, Inc."
SIG,Signet Jewelers Ltd.
SIM,Grupo SIMEC SAB de CV
SIR, 
SIX,Six Flags Entertainment Corp.
SJI,"South Jersey Industries, Inc."
SJM,The J. M. Smucker Co.
SJR,"Shaw Communications, Inc."
SJT,San Juan Basin Royalty Trust
SJW,SJW Group
SKM,"SK Telecom Co., Ltd."
SKT,"Tanger Factory Outlet Centers, Inc."
SKX,"SKECHERS USA, Inc."
SKY,Skyline Champion Corp.
SLB,Schlumberger NV
SLF,"Sun Life Financial, Inc."
SLG,SL Green Realty Corp.
SLM,SLM Corp.
SLP,"Simulations Plus, Inc."
SLS,"SELLAS Life Sciences Group, Inc."
SM,SM Energy Co.
SMG,Scotts Miracle
SMI,Semiconductor Manufacturing International Corp.
SMM,Salient Midstream & MLP Fund
SMP,"Standard Motor Products, Inc."
SN,Sanchez Energy Corporation
SNA,Snap
SND,"Smart Sand, Inc."
SNE,Sony Corp.
SNH,Senior Housing Properties Trust
SNN,Smith & Nephew Plc
SNP,China Petroleum & Chemical Corp.
SNR,"New Senior Investment Group, Inc."
SNV,Synovus Financial Corp.
SNX,SYNNEX Corp.
SNY,Sanofi
SO,The Southern Co.
SOI,"Solaris Oilfield Infrastructure, Inc."
SOL,ReneSola Ltd.
SON,Sonoco Products Co.
SOR,"Source Capital, Inc."
SP,SP Plus Corp.
SPA,Sparton Corporation
SPB,"Spectrum Brands Holdings, Inc."
SPE,"Special Opportunities Fund, Inc."
SPG,"Simon Property Group, Inc."
SPH,Suburban Propane Partners LP
SPI,SPI Energy Co. Ltd.
SPN,"Superior Energy Services, Inc."
SPR,"Spirit AeroSystems Holdings, Inc."
SQ,"Square, Inc."
SQM,Sociedad Quimica y Minera de Chile SA
SR,"Spire, Inc. (Missouri)"
SRC,"Spirit Realty Capital, Inc."
SRE,Sempra Energy
SRF,Cushing Energy Income Fund
SRG,Seritage Growth Properties
SRI,"Stoneridge, Inc."
SRT,"Startek, Inc."
SRV,The Cushing MLP & Infrastructure Total Return Fund
SSB,South State Corp.
SSD,"Simpson Manufacturing Co., Inc."
SSI,"Stage Stores, Inc."
SSL,Sasol Ltd.
SSP,The E.W. Scripps Co.
SSW,Seaspan Corp.
SSY,"SunLink Health Systems, Inc."
ST,Sensata Technologies Holding Plc
STC,Stewart Information Services Corp.
STE,STERIS Plc (Ireland)
STG,Sunlands Technology Group
STI,"SunTrust Banks, Inc."
STK,"Columbia Seligman Premium Technology Growth Fund, Inc."
STL,"Sterling Bancorp (Montebello, New York)"
STM,STMicroelectronics NV
STN,"Stantec, Inc."
STT,State Street Corp.
STX,Seagate Technology Plc
STZ,"Constellation Brands, Inc."
SU,"Suncor Energy, Inc."
SUI,"Sun Communities, Inc."
SUM,"Summit Materials, Inc."
SUN,Sunoco LP
SUP,"Superior Industries International, Inc."
SVA,Sinovac Biotech Ltd.
SVM,"Silvercorp Metals, Inc."
SVT,"Servotronics, Inc."
SWJ,"Stanley Black & Decker, Inc."
SWK,"Stanley Black & Decker, Inc."
SWM,Schweitzer
SWN,Southwestern Energy Co.
SWP,"Stanley Black & Decker, Inc."
SWX,"Southwest Gas Holdings, Inc."
SWZ,"The Swiss Helvetia Fund, Inc."
SXC,"SunCoke Energy, Inc."
SXE,"Southcross Energy Partners, L.P."
SXI,Standex International Corp.
SXT,Sensient Technologies Corp.
SYF,Synchrony Financial
SYK,Stryker Corp.
SYN,"Synthetic Biologics, Inc."
SYX,"Systemax, Inc."
SYY,Sysco Corp.
SZC,The Cushing Renaissance Fund
T,"AT&T, Inc."
TA,"TravelCenters of America, Inc."
TAC,TransAlta Corp.
TAL,TAL Education Group
TAP,Molson Coors Beverage Co.
TAT,TransAtlantic Petroleum Ltd.
TBB,"AT&T, Inc."
TBI,"TrueBlue, Inc."
TBK,"Triumph Bancorp, Inc."
TCF,TCF Financial Corp.
TCI,"Transcontinental Realty Investors, Inc."
TCO,"Taubman Centers, Inc."
TCP,TC Pipelines LP
TCS,"The Container Store Group, Inc."
TCX,"Tucows, Inc."
TD,The Toronto
TDA,"Telephone & Data Systems, Inc."
TDC,Teradata Corp.
TDE,"Telephone & Data Systems, Inc."
TDF,"Templeton Dragon Fund, Inc."
TDG,"TransDigm Group, Inc."
TDI,"Telephone & Data Systems, Inc."
TDJ,"Telephone & Data Systems, Inc."
TDS,"Telephone & Data Systems, Inc."
TDW,"Tidewater, Inc."
TDY,"Teledyne Technologies, Inc."
TEF,Telefónica SA
TEI,Templeton Emerging Markets Income Fund
TEL,TE Connectivity Ltd.
TEN,"Tenneco, Inc."
TEO,Telecom Argentina SA
TER,"Teradyne, Inc."
TEX,Terex Corp.
TFX,"Teleflex, Inc."
TG,Tredegar Corp.
TGA,TransGlobe Energy Corp.
TGB,Taseko Mines Ltd.
TGC,"Tengasco, Inc."
TGH,Textainer Group Holdings Ltd.
TGI,"Triumph Group, Inc."
TGP,Teekay LNG Partners LP
TGS,Transportadora de Gas del Sur SA
TGT,Target Corp.
THC,Tenet Healthcare Corp.
THG,"The Hanover Insurance Group, Inc."
THM,International Tower Hill Mines Ltd.
THO,"Thor Industries, Inc."
THQ,Tekla Healthcare Opportunities Fund
THR,"Thermon Group Holdings, Inc."
THS,"TreeHouse Foods, Inc."
THW,Tekla World Healthcare Fund
TI,Telecom Italia SpA
TIF,Tiffany & Co.
TIK,Tel
TIS,Orchids Paper Products Co.
TJX,"The TJX Cos., Inc."
TK,Teekay Corp.
TKC,TURKCELL Iletisim Hizmetleri AS
TKR,The Timken Co.
TLF,"Tandy Leather Factory, Inc."
TLI,"Western Asset Corporate Loan Fund, Inc."
TLK,PT Telekomunikasi Indonesia (Persero) Tbk
TLP,TransMontaigne Partners L.P.
TM,Toyota Motor Corp.
TMK,Torchmark Corp.
TMO,"Thermo Fisher Scientific, Inc."
TMP,Tompkins Financial Corp.
TMQ,"Trilogy Metals, Inc."
TNC,Tennant Co.
TNK,Teekay Tankers Ltd.
TNP,Tsakos Energy Navigation Ltd.
TOL,"Toll Brothers, Inc."
TOO,Teekay Offshore Partners LP
TOT,Total SA
TPB,"Turning Point Brands, Inc."
TPC,Tutor Perini Corp.
TPH,"TRI Pointe Group, Inc."
TPL,Texas Pacific Land Trust
TPR,"Tapestry, Inc."
TPX,"Tempur Sealy International, Inc."
TPZ,"Tortoise Power & Energy Infrastructure Fund, Inc."
TR,"Tootsie Roll Industries, Inc."
TRC,Tejon Ranch Co.
TRI,Thomson Reuters Corp.
TRK,Speedway Motorsports LLC
TRN,"Trinity Industries, Inc."
TRP,TC Energy Corp.
TRQ,Turquoise Hill Resources Ltd.
TRS,TriMas Corp.
TRT,Trio
TRU,TransUnion
TRV,"The Travelers Cos., Inc."
TRX,Tanzanian Gold Corp.
TS,Tenaris SA
TSC,"TriState Capital Holdings, Inc."
TSE,Trinseo SA
TSG,"The Stars Group, Inc."
TSI,"TCW Strategic Income Fund, Inc."
TSM,"Taiwan Semiconductor Manufacturing Co., Ltd."
TSN,"Tyson Foods, Inc."
TSQ,"Townsquare Media, Inc."
TSS,"Total System Services, Inc."
TST,"TheStreet, Inc."
TSU,TIM Participações SA
TTC,The Toro Co.
TTD,"The Trade Desk, Inc."
TTI,"TETRA Technologies, Inc."
TTM,Tata Motors Ltd.
TTP,"Tortoise Pipeline & Energy Fund, Inc."
TTS,"Tile Shop Holdings, Inc."
TU,TELUS Corp.
TUP,Tupperware Brands Corp.
TV,Grupo Televisa SAB
TVC,Tennessee Valley Authority
TVE,Tennessee Valley Authority
TWI,"Titan International, Inc."
TWN,"The Taiwan Fund, Inc."
TWO,Two Harbors Investment Corp.
TX,Ternium SA
TXN,Texas Instruments Incorporated
TXT,"Textron, Inc."
TY,Tri
TYG,Tortoise Energy Infrastructure Corp.
TYL,"Tyler Technologies, Inc."
UA,"Under Armour, Inc."
UAA,"Under Armour, Inc."
UAL,"United Airlines Holdings, Inc."
UAN,CVR Partners LP
UBA,"Urstadt Biddle Properties, Inc."
UBP,"Urstadt Biddle Properties, Inc."
UBS,UBS Group AG
UBX,"Unity Biotechnology, Inc."
UDR,"UDR, Inc."
UE,Urban Edge Properties
UEC,Uranium Energy Corp.
UFI,"Unifi, Inc."
UFS,Domtar Corp.
UG,United
UGI,UGI Corp.
UGP,Ultrapar Participaçoes SA
UHS,"Universal Health Services, Inc."
UHT,Universal Health Realty Income Trust
UIS,Unisys Corp.
UL,Unilever Plc
ULH,"Universal Logistics Holdings, Inc."
UMC,United Microelectronics Corp.
UMH,"UMH Properties, Inc."
UN,Unilever NV
UNB,"Union Bankshares, Inc. (Vermont)"
UNF,UniFirst Corp.
UNH,"UnitedHealth Group, Inc."
UNM,Unum Group
UNP,Union Pacific Corp.
UNT,Unit Corp.
UPL,Ultra Petroleum Corp.
UPS,"United Parcel Service, Inc."
UQM,"UQM Technologies, Inc."
URG,Ur
URI,"United Rentals, Inc."
USA,Liberty All
USB,U.S. Bancorp
USG,USG Corp.
USM,United States Cellular Corp.
UTF,"Cohen & Steers Infrastructure Fund, Inc."
UTG,Reaves Utility Income Fund
UTI,"Universal Technical Institute, Inc."
UTL,UNITIL Corp.
UTX,United Technologies Corp.
UUU,"Universal Security Instruments, Inc."
UVE,"Universal Insurance Holdings, Inc."
UVV,Universal Corp.
UWN,"Nevada Gold & Casinos, Inc."
UZA,United States Cellular Corp.
UZB,United States Cellular Corp.
UZC,United States Cellular Corp.
V,"Visa, Inc."
VAC,Marriott Vacations Worldwide Corp.
VAR,"Varian Medical Systems, Inc."
VBF,Invesco Bond Fund
VC,Visteon Corp.
VCF,"Delaware Investments Colorado Municipal Income Fund, Inc."
VCV,Invesco California Value Municipal Income Trust
VEC,"Vectrus, Inc."
VER,"VEREIT, Inc."
VET,"Vermilion Energy, Inc."
VFC,VF Corp.
VFL,Delaware Investments National Municipal Income Fund
VG,Vonage Holdings Corp.
VGI,Virtus Global Multi
VGM,Invesco Trust For Investment Grade Municipals
VGR,Vector Group Ltd.
VGZ,Vista Gold Corp.
VHC,VirnetX Holding Corp.
VHI,"Valhi, Inc."
VIA,"Viacom, Inc."
VIV,Telefonica Brasil SA
VKI,Invesco Advantage Municipal Income Trust II
VKQ,Invesco Municipal Trust
VLO,Valero Energy Corp.
VLP, 
VLT,Invesco High Income Trust II
VLY,Valley National Bancorp
VMC,Vulcan Materials Co.
VMI,"Valmont Industries, Inc."
VMM,"Delaware Investments Minnesota Municipal Income Fund II, Inc."
VMO,Invesco Municipal Opportunity Trust
VMW,"VMware, Inc."
VNO,Vornado Realty Trust
VOC,VOC Energy Trust
VOD,Vodafone Group Plc
VPG,"Vishay Precision Group, Inc."
VPV,Invesco Pennsylvania Value Municipal Income Trust
VRA,"Vera Bradley, Inc."
VRS,Verso Corp.
VRX, 
VSH,"Vishay Intertechnology, Inc."
VSI,"Vitamin Shoppe, Inc."
VSM,"Versum Materials, Inc."
VST,Vistra Energy Corp.
VTA,Invesco Dynamic Credit Opportunities Fund
VTL,"Immunic, Inc."
VTN,Invesco Trust For Investment Grade New York Municipals
VTR,"Ventas, Inc."
VVC,Vectren Corporation
VVI,Viad Corp.
VVR,Invesco Senior Income Trust
VVV,"Valvoline, Inc."
VZ,"Verizon Communications, Inc."
VZA,"Verizon Communications, Inc."
W,"Wayfair, Inc."
WAB,Westinghouse Air Brake Technologies Corp.
WAL,Western Alliance Bancorporation
WAT,Waters Corp.
WB,Weibo Corp.
WBA,"Walgreens Boots Alliance, Inc."
WBC,"WABCO Holdings, Inc."
WBK,Westpac Banking Corp.
WBS,Webster Financial Corp.
WBT,"Welbilt, Inc."
WCC,"WESCO International, Inc."
WCG,"WellCare Health Plans, Inc."
WCN,"Waste Connections, Inc."
WD,"Walker & Dunlop, Inc."
WDC,Western Digital Corp.
WDR,"Waddell & Reed Financial, Inc."
WEA,Western Asset Premier Bond Fund
WEC,"WEC Energy Group, Inc."
WEN,The Wendy's Co.
WES,Western Midstream Partners LP
WEX,"WEX, Inc."
WF,"Woori Financial Group, Inc."
WFC,Wells Fargo & Co.
WFT,Weatherford International Plc
WGO,"Winnebago Industries, Inc."
WGP,Western Midstream Partners LP
WHD,"Cactus, Inc."
WHF,"WhiteHorse Finance, Inc."
WHG,"Westwood Holdings Group, Inc."
WHR,Whirlpool Corp.
WIA,Western Asset Inflation
WIN,"Windstream Holdings, Inc."
WIT,Wipro Ltd.
WIW,Western Asset Inflation
WIX,Wix.com Ltd.
WK,"Workiva, Inc."
WLH,"William Lyon Homes, Inc."
WLK,Westlake Chemical Corp.
WLL,Whiting Petroleum Corp.
WM,"Waste Management, Inc."
WMB,"The Williams Cos., Inc."
WMC,Western Asset Mortgage Capital Corp.
WMK,"Weis Markets, Inc."
WMS,"Advanced Drainage Systems, Inc."
WMT,"Walmart, Inc."
WNC,Wabash National Corp.
WNS,WNS (Holdings) Ltd.
WOR,"Worthington Industries, Inc."
WOW,"WideOpenWest, Inc."
WP,"Worldpay, Inc."
WPC,"W.P. Carey, Inc."
WPG,"Washington Prime Group, Inc."
WPM,Wheaton Precious Metals Corp.
WPP,WPP Plc
WPX,"WPX Energy, Inc."
WRB,W.R. Berkley Corp.
WRD,WildHorse Resource Development Corp
WRE,Washington Real Estate Investment Trust
WRI,Weingarten Realty Investors
WRK,WestRock Co.
WRN,Western Copper & Gold Corp.
WSC,Willscot Corp.
WSM,Williams
WSO,"Watsco, Inc."
WSR,Whitestone REIT
WST,"West Pharmaceutical Services, Inc."
WTI,"W&T Offshore, Inc."
WTM,White Mountains Insurance Group Ltd.
WTR,"Aqua America, Inc."
WTS,"Watts Water Technologies, Inc."
WTT,"Wireless Telecom Group, Inc."
WTW,"Weight Watchers International, Inc."
WU,The Western Union Co.
WVE,Wave Life Sciences Ltd.
WWD,"Woodward, Inc."
WWE,"World Wrestling Entertainment, Inc."
WWR,"Westwater Resources, Inc."
WWW,"Wolverine World Wide, Inc."
WY,Weyerhaeuser Co.
WYY,WidePoint Corp.
X,United States Steel Corp.
XEC,Cimarex Energy Co.
XEL,"Xcel Energy, Inc."
XHR,"Xenia Hotels & Resorts, Inc."
XIN,Xinyuan Real Estate Co. Ltd.
XOG,"Extraction Oil & Gas, Inc."
XOM,Exxon Mobil Corp.
XON,Intrexon Corp.
XPL,Solitario Zinc Corp.
XPO,"XPO Logistics, Inc."
XRF,China Rapid Finance Ltd.
XRX,Xerox Holdings Corp.
XYL,"Xylem, Inc."
Y,Alleghany Corp.
YIN,Yintech Investment Holdings Ltd.
YPF,YPF SA
YRD,Yiren Digital Ltd.
YUM,"Yum! Brands, Inc."
YY,"JOYY, Inc."
Z,"Zillow Group, Inc."
ZBH,"Zimmer Biomet Holdings, Inc."
ZBK,Zions Bancorporation
ZEN,"Zendesk, Inc."
ZF,"Virtus Total Return Fund, Inc."
ZG,"Zillow Group, Inc."
ZN,"Zion Oil & Gas, Inc."
ZNH,China Southern Airlines Co. Ltd.
ZOM,Zomedica Pharmaceuticals Corp.
ZS,"Zscaler, Inc."
ZTO,ZTO Express (Cayman) Inc.
ZTR,"Virtus Total Return Fund, Inc."
ZTS,"Zoetis, Inc."
ZUO,"Zuora, Inc."