A,Agilent Technologies Inc
AA,Alcoa Corporation
AAC,Aac Holdings Inc
AAL,American Airlines Group
AAN,Aarons Inc
AAOI,Applied Optoelectronics
AAON,Aaon Inc
AAP,Advance Auto Parts Inc
AAPL,Apple Inc
AAT,American Assets Trst Inc
AAWW,Atlas Air Worldwide Hldg
AAXN,Axon Enterprise Inc
ABAX,Abaxis Inc
ABBV,Abbvie Inc
ABC,Amerisourcebergen Corp
ABCB,Ameris Bancorp
ABCD,Cambium Learning Grp Inc
ABCO,Advisory Board Co
ABEO,Abeona Therapeutics Inc
ABG,Asbury Automotive Group
ABM,Abm Industries Inc
ABMD,Abiomed Inc
ABT,Abbott Laboratories
ABTX,Allegiance Bancshares
AC,Associated Capital Group
ACAD,Acadia Pharmaceuticals
ACBI,Atlantic Capital Inc
ACC,American Campus Commun
ACCO,Acco Brands Corp
ACET,Aceto Corp
ACGL,Arch Cap Group Ltd
ACHC,Acadia Healthcare Co
ACHN,Achillion Pharm
ACIA,Acacia Communications
ACIW,Aci Worldwide Inc
ACLS,Axcelis Technologies Inc
ACM,Aecom
ACN,Accenture Plc Ireland
ACNB,Acnb Corp
ACOR,Acorda Therapeutics Inc
ACRE,Ares Coml Real Estate
ACRS,Aclaris Therapeutics
ACTA,Actua Corporation
ACTG,Acacia Research Corp
ACXM,Acxiom Corp
ADBE,Adobe Systems Inc
ADC,Agree Realty Corp
ADES,Advanced Emissions Sltns
ADI,Analog Devices Inc
ADM,Archer Daniels Midland
ADMS,Adamas Pharmaceuticals
ADNT,Adient Plc
ADP,Automatic Data Process
ADRO,Aduro Biotech Inc
ADS,Alliance Data Systems
ADSK,Autodesk Inc
ADSW,Advanced Disposal Svcs
ADTN,Adtran Inc
ADUS,Addus Homecare Corp
ADXS,Advaxis Inc
AE,Adams Resources & Energy
AEE,Ameren Corp
AEGN,Aegion Corp
AEIS,Advanced Energy Inds Inc
AEL,American Equity Invst
AEO,American Eagle Outfitter
AEP,American Electric Power
AERI,Aerie Pharmaceuticals
AES,Aes Corp
AET,Aetna Inc
AF,Astoria Financial Corp
AFAM,Almost Family Inc
AFG,American Financial Group
AFH,Atlas Financial Holdings
AFI,Armstrong Flooring Inc
AFL,Aflac Inc
AFSI,Amtrust Finl Svcs
AGCO,Agco Corp
AGEN,Agenus Inc
AGFS,Agrofresh Solutions Inc
AGII,Argo Group Intl
AGIO,Agios Pharmaceuticals
AGM,Federal Agric Mtg Co
AGN,Allergan Plc
AGNC,Agnc Investment
AGO,Assured Guaranty Ltd
AGR,Avangrid Inc
AGX,Argan Inc
AGYS,Agilysys Inc
AHH,Armada Hoffler Pptys Inc
AHL,Aspen Insurance Holdings
AHP,Ashford Hosp Prime
AHT,Ashford Hospitality
AI,Arlington Asset Invt
AIG,American Intl Group
AIMC,Altra Industrial Motion
AIMT,Aimmune Therapeutics Inc
AIN,Albany International
AIR,Aar Corp
AIT,Applied Industrial Tech
AIV,Apartment Invt & Mgmt
AIZ,Assurant Inc
AJG,Gallagher Arthur J & Co
AJRD,Aerojet Rocketdyne Hldgs
AJX,Great Ajax Corp
AKAM,Akamai Technologies
AKAO,Achaogen Inc
AKBA,Akebia Therapeutics Inc
AKR,Acadia Realty Trust
AKRX,Akorn Inc
AKS,Ak Steel Holding Corp
AKTS,Akoustis Technologies
AL,Air Lease Corp
ALB,Albemarle Corp
ALCO,Alico Inc
ALDR,Alder Biopharmaceuticals
ALE,Allete Inc
ALEX,Alexander & Baldwin Inc
ALG,Alamo Group Inc
ALGN,Align Technology Inc
ALGT,Allegiant Travel Co
ALJ,Alon Usa Energy Inc
ALK,Alaska Air Group Inc
ALKS,Alkermes Plc
ALL,Allstate Corp
ALLE,Allegion Plc
ALLY,Ally Finl Inc
ALNY,Alnylam Pharmaceuticals
ALOG,Analogic Corp
ALR,Alere Inc
ALRM,Alarm.Com Holdings Inc
ALSN,Allison Transmission
ALX,Alexanders Inc
ALXN,Alexion Pharmaceuticals
AMAG,Amag Pharmaceuticals Inc
AMAT,Applied Matls Inc
AMBA,Ambarella Inc
AMBC,Ambac Finl Group Inc
AMBR,Amber Rd Inc
AMC,Amc Entertainment
AMCX,Amc Networks Inc
AMD,Advanced Micro Devices
AME,Ametek Inc
AMED,Amedisys Inc
AMG,Affiliated Managers Grp
AMGN,Amgen Inc
AMH,American Homes 4 Rent
AMKR,Amkor Technology Inc
AMN,Amn Healthcare Services
AMNB,American Natl Bankshares
AMOT,Allied Motion Tech
AMP,Ameriprise Financial Inc
AMPH,Amphastar Pharma Inc
AMRC,Ameresco Inc
AMRI,Albany Molecular Resrch
AMSF,Amerisafe Inc
AMSWA,American Software Inc
AMT,American Tower Corp
AMTD,Td Ameritrade Holding
AMWD,American Woodmark Corp
AMZN,Amazon Com Inc
AN,Autonation Inc
ANAB,Anaptys Bio Inc
ANAT,American National Ins Co
ANCX,Access Natl Corp
ANDE,Andersons Inc
ANET,Arista Networks Inc
ANF,Abercrombie & Fitch
ANGI,Angies List Inc
ANGO,Angiodynamics Inc
ANH,Anworth Mortgage Asset
ANIK,Anika Therapeutics Inc
ANIP,Ani Pharmaceuticals Inc
ANSS,Ansys Inc
ANTM,Anthem Inc
AOBC,American Outdoor Brands
AON,Aon Plc
AOS,Smith A O Corp
AOSL,Alpha & Omega Semicon
AP,Ampco-Pittsburgh Corp
APA,Apache Corp
APAM,Artisan Partners Asset
APC,Anadarko Petroleum Corp
APD,Air Prods & Chems Inc
APEI,Amer Public Education
APH,Amphenol Corp
APLE,Apple Hospitality Reit
APOG,Apogee Enterprises Inc
APPF,Appfolio Inc
APTI,Apptio Inc
APTS,Preferred Apt Cmntys Inc
AQMS,Aqua Metals Inc
AR,Antero Resources Co
ARA,American Renal Assoc Hld
ARAY,Accuray Inc
ARC,Arc Document Solutions
ARCB,Arcbest Corporation
ARCH,Arch Coal Inc
ARD,Ardagh Group Sa
ARDX,Ardelyx Inc
ARE,Alexandria Real Estate
AREX,Approach Resources Inc
ARI,Apollo Commercial Re
ARII,American Railcar Ind
ARMK,Aramark
ARNA,Arena Pharmaceuticals
ARNC,Arconic Inc
AROC,Archrock Inc
AROW,Arrow Financial Corp
ARR,Armour Residential Reit
ARRS,Arris International Plc
ARRY,Array Biopharma Inc
ARTNA,Artesian Resources Corp
ARW,Arrow Electronics Inc
ASB,Associated Banc Corp
ASBB,Asb Bancorp Inc Nc
ASC,Ardmore Shipping Corp
ASCMA,Ascent Capital Group Inc
ASGN,On Assignment Inc
ASH,Ashland Global Holdings
ASIX,Advansix
ASMB,Assembly Biosciences Inc
ASNA,Ascena Retail Group Inc
ASPS,Altisource Portfolio
AST,Asterias Biotherapeutics
ASTE,Astec Industries Inc
AT,Atlantic Pwr Corp
ATEN,A10 Networks Inc
ATGE,Adtalem Global Education
ATH,Athene Holding Ltd
ATHN,Athenahealth Inc
ATHX,Athersys Inc
ATI,Allegheny Technologies
ATKR,Atkore Intl Group Inc
ATLO,Ames Natl Corp
ATNI,Atn International Inc
ATO,Atmos Energy Corp
ATR,Aptargroup Inc
ATRA,Atara Biotherapeutics
ATRC,Atricure Inc
ATRI,Atrion Corp
ATRO,Astronics Corp
ATRS,Antares Pharma Inc
ATSG,Air Transport Services
ATU,Actuant Corp
ATVI,Activision Blizzard Inc
ATW,Atwood Oceanics Inc
AVA,Avista Corp
AVAV,Aerovironment Inc
AVB,Avalonbay Cmntys Inc
AVD,American Vanguard Corp
AVGO,Broadcom Limited
AVHI,A V Homes Inc
AVID,Avid Technology Inc
AVT,Avnet Inc
AVX,Avx Corp
AVXL,Anavex Life Sciences
AVXS,Avexis Inc
AVY,Avery Dennison Corp
AWH,Allied Wrld Assur Com
AWI,Armstrong World Inds Inc
AWK,American Wtr Wks Co Inc
AWR,American States Water Co
AXAS,Abraxas Pete Corp
AXDX,Accelerate Diagnostics
AXE,Anixter International
AXGN,Axogen Inc
AXL,American Axle & Mfg
AXON,Axovant Sciences Ltd
AXP,American Express Co
AXS,Axis Capital Holdings
AXTA,Axalta Coating Systems
AXTI,Axt Inc
AYI,Acuity Brands Inc
AYR,Aircastle Ltd
AYX,Alteryx Inc
AZO,Autozone Inc
AZPN,Aspen Technology Inc
AZZ,Azz Inc
B,Barnes Group Inc
BA,Boeing Co
BABY,Natus Medical Inc
BAC,Bank Of America Corp
BAH,Booz Allen Hamilton Hldg
BANC,Banc Of California Inc
BANF,Bancfirst Corp
BANR,Banner Corp
BAS,Basic Energy Services
BATRA,Liberty Braves Series A
BATRK,Liberty Braves Series C
BAX,Baxter International Inc
BBBY,Bed Bath & Beyond Inc
BBG,Bill Barrett Corp
BBGI,Beasley Broadcast Group
BBSI,Barrett Business Service
BBT,Bb&T Corp
BBW,Build A Bear Workshop
BBY,Best Buy Inc
BC,Brunswick Corp
BCBP,Bcb Bancorp Inc
BCC,Boise Cascade Company
BCEI,Bonanza Creek Ener Inc
BCO,Brinks Co
BCOR,Blucora Inc
BCOV,Brightcove Inc
BCPC,Balchem Corp
BCR,Cr Bard Inc
BCRH,Blue Capital Reinsurance
BCRX,Biocryst Pharmaceuticals
BDC,Belden Inc
BDE,Black Diamond Inc
BDGE,Bridge Bancorp Inc
BDN,Brandywine Realty Trust
BDX,Becton Dickinson & Co
BEAT,Biotelemetry Inc
BECN,Beacon Roofing Supply
BEL,Belmond Ltd
BELFB,Bel Fuse Inc
BEN,Franklin Resources Inc
BERY,Berry Global Group
BETR,Amplify Snack Brands Inc
BF.A,Brown Forman Corp Cl A
BF.B,Brown Forman Corp Cl B
BFAM,Bright Horizon Family
BFIN,Bankfinancial Corp
BFS,Saul Centers Inc
BG,Bunge Limited
BGC,General Cable Corp
BGCP,Bgc Partners Inc
BGFV,Big 5 Sporting Goods
BGG,Briggs & Stratton Co
BGS,B & G Foods Inc
BGSF,Bg Staffing Inc
BH,Biglari Holdings Inc
BHB,Bar Hbr Bankshares
BHBK,Blue Hills Bancorp Inc
BHE,Benchmark Electronics
BHI,Baker Hughes Inc
BHLB,Berkshire Hills Bancorp
BHVN,Biohaven Pharmaceutical
BID,Sothebys
BIG,Big Lots Inc
BIIB,Biogen Inc
BIO,Bio-Rad Laboratories Inc
BIOS,Bioscrip Inc
BIVV,Bioverativ
BJRI,Bjs Restaurants Inc
BK,Bank Of New York Mellon
BKD,Brookdale Senior Living
BKE,Buckle Inc
BKFS,Black Knight Finl Svcs
BKH,Black Hills Corp
BKMU,Bank Mutual Corp
BKS,Barnes & Noble Inc
BKU,Bankunited Inc
BL,Blackline Inc
BLBD,Blue Bird Corp
BLCM,Bellicum Pharmaceuticals
BLD,Topbuild Corp
BLDR,Builders Firstsource Inc
BLK,Blackrock Inc
BLKB,Blackbaud Inc
BLL,Ball Corp
BLMN,Bloomin' Brands Inc
BLMT,Bsb Bancorp Inc Md
BLUE,Bluebird Bio Inc
BLX,Banco Latinoamericano
BMCH,Bmc Stock Holdings Inc
BMI,Badger Meter Inc
BMRC,Bank Of Marin Bancorp
BMRN,Biomarin Pharmaceutical
BMS,Bemis Inc
BMTC,Bryn Mawr Bank Corp
BMY,Bristol Myers Squibb
BNCL,Beneficial Bancorp Inc
BNED,Barnes & Noble Education
BNFT,Benefitfocus Inc
BOBE,Bob Evans Farms Inc
BOCH,Bank Comm Hldgs
BOFI,Bofi Hldg Inc
BOH,Bank Of Hawaii Corp
BOJA,Bojangles Inc
BOKF,Bok Financial Corp
BOLD,Audentes Therapeutics
BOOM,Dmc Global Inc
BOOT,Boot Barn Holdings
BOX,Box Inc
BPFH,Boston Private Financial
BPI,Bridgepoint Ed Inc
BPMC,Blueprint Medicines Corp
BPOP,Popular Inc
BR,Broadridge Financial Inc
BRC,Brady Corp
BRCD,Brocade Communications
BREW,Craft Brew Alliance
BRG,Bluerock Resident Reit
BRK.B,Berkshire Hathaway Inc
BRKL,Brookline Bancorp Inc
BRKR,Bruker Corp
BRKS,Brooks Automation Inc
BRO,Brown & Brown Inc
BRS,Bristow Group Inc
BRSS,Global Brass & Coppr Hld
BRX,Brixmor Property Group
BSET,Bassett Furniture Inds
BSF,Bear State Finl Inc
BSFT,Broadsoft Inc
BSRR,Sierra Bancorp
BSTC,Biospecifics Techno Corp
BSX,Boston Scientific Co
BTU,Peabody Energy Corp
BTX,Biotime Inc
BUFF,Blue Buffalo Pet Prod
BURL,Burlington Stores Inc
BUSE,First Busey Corp
BV,Bazaarvoice Inc
BW,Babcock & Wilcox Ent
BWA,Borg Warner Inc
BWFG,Bankwell Finl Group Inc
BWINB,Baldwin & Lyons Inc
BWLD,Buffalo Wild Wings Inc
BWXT,Bwx Technologies Inc
BXP,Boston Properties Inc
BXS,Bancorpsouth Inc
BYD,Boyd Gaming Corp
BZH,Beazer Homes Usa Inc
C,Citigroup Inc
CA,Ca Inc
CAA,Calatlantic Group Inc
CAB,Cabelas Inc
CABO,Cable One Inc
CAC,Camden National Corp
CACC,Credit Accep Corp Mich
CACI,Caci International Inc
CACQ,Caesars Acquisition Co
CADE,Cadence Bancorp
CAG,Conagra Brands Inc
CAH,Cardinal Health Inc
CAI,Cai International Inc
CAKE,Cheesecake Factory Inc
CAL,Caleres Inc
CALA,Calithera Biosciences
CALD,Callidus Software Inc
CALM,Cal Maine Foods Inc
CALX,Calix Inc
CAMP,Calamp Corp
CAR,Avis Budget Group Inc
CARA,Cara Therapeutics Inc
CARB,Carbonite Inc
CARO,Carolina Finl Corp
CARS,Cars.Com
CASC,Cascadian Therapeutics
CASH,Meta Financial Group Inc
CASS,Cass Information Systems
CASY,Caseys General Stores
CAT,Caterpillar Inc
CATM,Cardtronics Plc
CATO,Cato Corp
CATY,Cathay General Bancorp
CAVM,Cavium Inc
CB,Chubb Limited
CBB,Cincinnati Bell Inc
CBF,Capital Bank Financial
CBG,Cbre Group Inc
CBI,Chicago Bridge & Iron
CBL,Cbl & Assoc Pptys Inc
CBM,Cambrex Corp
CBOE,Cboe Hldgs Inc
CBPX,Continental Bldg Prods
CBRL,Cracker Barrel Store
CBS,Cbs Corporation
CBSH,Commerce Bancshares Inc
CBT,Cabot Corp
CBU,Community Bank Systems
CBZ,Cbiz Inc
CC,The Chemours Company
CCBG,Capital City Bank Group
CCC,Calgon Carbon Corp
CCF,Chase Corp
CCI,Crown Castle Intl Corp
CCK,Crown Holdings Inc
CCL,Carnival Corp
CCMP,Cabot Microelectronics
CCN,Cardconnect Corp
CCNE,Cnb Finl Corp Pa
CCO,Clear Channel Outdoor
CCOI,Cogent Comm Holdings
CCP,Care Capital Properties
CCRN,Cross Country Healthcare
CCS,Century Communities Inc
CCXI,Chemocentryx Inc
CDE,Coeur Mining Inc
CDEV,Centennial Resource Dev
CDK,Cdk Global Inc
CDNS,Cadence Design Systems
CDR,Cedar Realty Trust Inc
CDW,Cdw Corporation
CDXS,Codexis Inc
CDZI,Cadiz Inc
CE,Celanese Corp
CECE,Ceco Environmental Corp
CECO,Career Education Corp
CELG,Celgene Corp
CEMP,Cempra Inc
CENT,Central Garden & Pet Co
CENTA,Central Garden & Pet Co
CENX,Century Aluminum Co
CERN,Cerner Corp
CERS,Cerus Corp
CETV,Central European Media
CEVA,Ceva Inc
CF,Cf Industries Holdings
CFFI,C & F Financial Corp
CFFN,Capitol Federal Finl Inc
CFG,Citizens Financial Inc
CFI,Culp Inc
CFMS,Conformis Inc
CFNB,California First Natl
CFR,Cullen Frost Bankers
CFX,Colfax Corp
CGNX,Cognex Corp
CHCO,City Holding Co
CHCT,Community Healthcare Tr
CHD,Church & Dwight Inc
CHDN,Churchill Downs Inc
CHE,Chemed Corporation
CHEF,Chefs' Wharehouse Inc
CHFC,Chemical Financial Corp
CHFN,Charter Finl Corp West
CHGG,Chegg Inc
CHH,Choice Hotels Intl Inc
CHK,Chesapeake Energy Corp
CHMG,Chemung Finl Corp
CHMI,Cherry Hill Mortgage Inv
CHRS,Coherus Biosciences
CHRW,C H Robinson Worldwide
CHS,Chicos Fas Inc
CHSP,Chesapeake Lodging Trust
CHTR,Charter Comm Inc
CHUBA,Commercehub Inc Series A
CHUBK,Commercehub Inc Series C
CHUY,Chuy'S Holdings Inc
CI,Cigna Corp
CIA,Citizens Inc
CIEN,Ciena Corp
CIM,Chimera Investment Corp
CINF,Cincinnati Financial
CIO,City Office Reit Inc
CIR,Circor International Inc
CIT,Cit Group Inc
CIVB,Civista Bancshares Inc
CIVI,Civitas Solutions
CIX,Compx International Inc
CJ,C&J Energy Services Inc
CKH,Seacor Holdings Inc
CL,Colgate Palmolive Co
CLCT,Collectors Universe Inc
CLD,Cloud Peak Energy Inc
CLDR,Cloudera Inc
CLDT,Chatham Lodging Tr
CLDX,Celldex Therapeutics Inc
CLF,Cliffs Natural Resources
CLFD,Clearfield Inc
CLGX,Corelogic Inc
CLH,Clean Harbors Inc
CLI,Mack Cali Realty Corp
CLNE,Clean Energy Fuels Corp
CLNS,Colony Northstar Inc
CLPR,Clipper Realty Inc
CLR,Continental Resources
CLSD,Clearside Biomedical Inc
CLVS,Clovis Oncology Inc
CLW,Clearwater Paper Corp
CLX,Clorox Co
CMA,Comerica Inc
CMC,Commercial Metals Co
CMCO,Columbus Mckinnon Corp
CMCSA,Comcast Corp Cl A
CMD,Cantel Medical Corp
CME,Cme Group Inc
CMG,Chipotle Mexican Grill
CMI,Cummins Inc
CMO,Capstead Mortgage Corp
CMP,Compass Minerals Intl
CMPR,Cimpress Nv
CMRE,Costamare Inc
CMRX,Chimerix Inc
CMS,Cms Energy Corp
CMT,Core Molding Techn
CMTL,Comtech Telecomm
CNA,Cna Financial Corp
CNAT,Conatus Pharmaceuticals
CNBKA,Century Bancorp Inc
CNC,Centene Corp
CNCE,Concert Pharmaceuticals
CNDT,Conduent Inc
CNK,Cinemark Holdings Inc
CNMD,Conmed Corp
CNO,Cno Financial Group
CNOB,Connectone Bancorp Inc
CNP,Centerpoint Energy Inc
CNS,Cohen & Steers Inc
CNSL,Consolidated Comm
CNTY,Century Casinos Inc
CNX,Consol Energy Inc
CNXN,P C Connection
COBZ,Cobiz Financial Inc
COF,Capital One Financial
COG,Cabot Oil & Gas Corp
COGT,Cogint Inc
COH,Coach Inc
COHR,Coherent Inc
COHU,Cohu Inc
COKE,Coca Cola Bottling
COL,Rockwell Collins Inc
COLB,Columbia Bkg System Inc
COLL,Collegium Pharmaceutical
COLM,Columbia Sportswear Co
COMM,Commscope Holding Co
CONE,Cyrusone Inc
CONN,Conns Inc
COO,Cooper Companies Inc
COP,Conocophillips
COR,Coresite Realty Corp
CORE,Core Mark Holding Co Inc
CORI,Corium Intl Inc
CORR,Corenergy Infrastruct
CORT,Corcept Therapeutics Inc
COST,Costco Wholesale Corp
COTV,Cotiviti Holdings Inc
COTY,Coty Inc
COUP,Coupa Software Inc
COWN,Cowen Inc
CPA,Copa Holdings Sa
CPB,Campbell Soup Co
CPE,Callon Petroleum Co
CPF,Central Pacific Finl
CPK,Chesapeake Utilities
CPLA,Capella Education Co
CPN,Calpine Corp
CPRT,Copart Inc
CPRX,Catalyst Pharmaceuticals
CPS,Cooper Std Hldgs Inc
CPSI,Computer Programs & Sys
CPT,Camden Property Trust
CR,Crane Co
CRAI,Cra International Inc
CRAY,Cray Inc
CRBP,Corbus Pharmaceuticals
CRC,California Resources
CRCM,Care.Com Inc
CRD.B,Crawford & Co
CREE,Cree Inc
CRI,Carter Inc
CRIS,Curis Inc
CRL,Charles River Labs Intl
CRM,Salesforce Com Inc
CRMT,Americas Car-Mart Inc
CROX,Crocs Inc
CRR,Carbo Ceramics Inc
CRS,Carpenter Technology
CRUS,Cirrus Logic Inc
CRVL,Corvel Corp
CRVS,Corvus Pharmaceuticals
CRY,Cryolife Inc
CRZO,Carrizo Oil & Gas Inc
CSBK,Clifton Bancorp Inc
CSCO,Cisco Systems Inc
CSFL,Centerstate Banks Inc
CSGP,Costar Group Inc
CSGS,Csg Systems Intl Inc
CSII,Cardiovascular Sys Inc
CSL,Carlisle Cos Inc
CSLT,Castlight Health Inc
CSOD,Cornerstone Ondemand Inc
CSRA,Csra Inc
CSS,Css Industries Inc
CST,Cst Brands Inc
CSTE,Caesarstone Ltd
CSTR,Capstar Financial Hldg
CSU,Capital Senior Living
CSV,Carriage Services Inc
CSWI,Csw Industrials Inc
CSX,Csx Corp
CTAS,Cintas Corp
CTB,Cooper Tire & Rubber Co
CTBI,Community Trust Bancorp
CTL,Centurylink Inc
CTLT,Catalent Inc
CTMX,Cytomx Therapeutics Inc
CTO,Consolidated Tomoka Land
CTRE,Caretrust Reit Inc
CTRL,Control4 Corporation
CTRN,Citi Trends Inc
CTS,Cts Corp
CTSH,Cognizant Tech Solutions
CTT,Catchmark Timber Trust
CTWS,Connecticut Water Svc
CTXS,Citrix Systems Inc
CUB,Cubic Corp
CUBE,Cubesmart
CUBI,Customers Bancorp Inc
CUBN,Commerce Union Bancshare
CUDA,Barracuda Networks Inc
CUNB,Cu Bancorp Calif
CUTR,Cutera Inc
CUZ,Cousins Properties Inc
CVA,Covanta Holding Corp
CVBF,Cvb Financial Corp
CVCO,Cavco Industries Inc
CVCY,Central Valley Cmnty
CVG,Convergys Corp
CVGI,Commercial Veh Group Inc
CVGW,Calavo Growers Inc
CVI,Cvr Energy Inc
CVLT,Commvault Systems Inc
CVLY,Codorus Vy Bancorp Inc
CVNA,Carvana Co
CVRS,Corindus Vasc Robotics
CVS,Cvs Health Corporation
CVTI,Covenant Trans Grp Inc
CVX,Chevron Corp
CW,Curtiss Wright Corp
CWCO,Consolidated Water Co
CWH,Camping World Holdings
CWST,Casella Waste Systems
CWT,California Wtr Svc Grp
CXO,Concho Resources Inc
CXP,Columbia Ppty Tr Inc
CXW,Corecivic Inc
CY,Cypress Semiconductor
CYBE,Cyberoptics Corp
CYH,Community Health Systems
CYS,Cys Investments Inc
CYTK,Cytokinetics Inc
CZNC,Citizens & Northern Corp
CZR,Caesars Entmt Corp
D,Dominion Energy Inc
DAKT,Daktronics Inc
DAL,Delta Air Lines Inc
DAN,Dana Incorporated
DAR,Darling Ingredients Inc
DATA,Tableau Software Inc
DBD,Diebold Nixdorf
DCI,Donaldson Inc
DCO,Ducommun Inc
DCOM,Dime Cmnty Bancshares
DCT,Dct Industrial Trust Inc
DD,Du Pont E I De Nemours
DDD,3D Systems Corp
DDR,Ddr Corp
DDS,Dillards Inc
DE,Deere & Co
DEA,Easterly Government Ppty
DECK,Deckers Outdoor Corp
DEI,Douglas Emmett Inc
DEL,Deltic Timber Corp
DENN,Dennys Corp
DEPO,Depomed Inc
DERM,Dermira Inc
DF,Dean Foods Company
DFIN,Donnelley Financial
DFRG,Del Friscos Restaurant
DFS,Discover Financial Srvc
DFT,Dupont Fabros Technology
DG,Dollar General Corp
DGAS,Delta Natural Gas Inc
DGI,Digitalglobe Inc
DGICA,Donegal Group Inc
DGII,Digi Intl Inc
DGX,Quest Diagnostics Inc
DHI,D R Horton Inc
DHIL,Diamond Hill Investment
DHR,Danaher Corp
DHT,Dht Holdings Inc
DHX,Dhi Group Inc
DIN,Dineequity Inc
DIOD,Diodes Inc
DIS,Disney Walt Co
DISCA,Discovery Comm Cl A
DISCK,Discovery Comm Cl C
DISH,Dish Network Corp
DJCO,Daily Journal Corp
DK,Delek Us Hldgs Inc
DKS,Dicks Sporting Goods Inc
DLA,Delta Apparel Inc
DLB,Dolby Laboratories Inc
DLPH,Delphi Automotive Plc
DLR,Digital Realty Trust Inc
DLTH,Duluth Holdings Inc
DLTR,Dollar Tree Inc
DLX,Deluxe Corp
DMRC,Digimarc Corporation
DNB,Dun & Bradstreet Corp
DNBF,Dnb Finl Corp
DNKN,Dunkin Brands Group Inc
DNOW,Now Inc
DNR,Denbury Resources Inc
DO,Diamond Offshr Drilling
DOC,Physicians Realty Trust
DOOR,Masonite Intl Corp
DORM,Dorman Products Inc
DOV,Dover Corp
DOW,Dow Chemical Co
DOX,Amdocs Ltd
DPLO,Diplomat Pharmacy Inc
DPS,Dr Pepper Snapple Group
DPZ,Dominos Pizza Inc
DRE,Duke Realty Corp
DRH,Diamondrock Hospitality
DRI,Darden Restaurants Inc
DRQ,Dril-Quip Inc
DRRX,Durect Corp
DS,Drive Shack
DSKE,Daseke Inc
DSPG,Dsp Group Inc
DST,Dst Systems Inc
DSW,Dsw Inc
DTE,Dte Energy Co
DUK,Duke Energy Corp
DVA,Davita Inc
DVAX,Dynavax Technologies
DVMT,Dell Technologies
DVN,Devon Energy Corp
DX,Dynex Capital Inc
DXC,Dxc Technology Company
DXCM,Dexcom Inc
DXPE,Dxp Enterprises Inc
DY,Dycom Industries Inc
DYN,Dynegy Inc
EA,Electronic Arts Inc
EARN,Ellington Residential
EAT,Brinker International
EBAY,Ebay Inc
EBF,Ennis Inc
EBIX,Ebix Inc
EBS,Emergent Biosolutions
EBSB,Meridian Bancorp Inc
EBTC,Enterprise Bancorp Inc
ECHO,Echo Global Logistics
ECL,Ecolab Inc
ECOL,Us Ecology Inc
ECOM,Channeladvisor Corp
ECPG,Encore Capital Group Inc
ECR,Eclipse Resources Corp
ED,Consolidated Edison Inc
EDGE,Edge Therapeutics Inc
EDIT,Editas Medicine Inc
EDR,Education Realty Trust
EE,El Paso Electric Co
EEFT,Euronet Worldwide Inc
EEX,Emerald Expositions
EFII,Electronics For Imaging
EFSC,Enterprise Finl Services
EFX,Equifax Inc
EGBN,Eagle Bancorp Inc
EGHT,8X8 Inc New
EGL,Engility Holdings Inc
EGLE,Eagle Bulk Shipping Inc
EGN,Energen Corp
EGOV,Nic Inc
EGP,Eastgroup Properties Inc
EGRX,Eagle Pharmaceuticals
EHTH,Ehealth Inc
EIG,Employers Holdings Inc
EIGI,Endurance International
EIX,Edison International
EL,Estee Lauder Companies
ELF,Elf Beauty Inc
ELGX,Endologix Inc
ELLI,Ellie Mae Inc
ELS,Equity Lifestyle Prop
ELVT,Elevate Credit Inc
ELY,Callaway Golf Co
EMCI,Emc Ins Group Inc
EME,Emcor Group Inc
EMKR,Emcore Corp
EML,Eastern Co
EMN,Eastman Chemical Co
EMR,Emerson Electric Co
ENDP,Endo International Plc
ENFC,Entegra Financial Corp
ENOC,Enernoc Inc
ENR,Energizer Holdings Inc
ENS,Enersys Inc
ENSG,Ensign Group Inc
ENT,Global Eagle Entmt Inc
ENTA,Enanta Pharmaceuticals
ENTG,Entegris Inc
ENTL,Entellus Medical Inc
ENV,Envestnet Inc
ENVA,Enova International Inc
ENZ,Enzo Biochem Inc
EOG,Eog Resources Inc
EPAM,Epam Systems Inc
EPAY,Bottomline Technologies
EPC,Edgewell Personal Care
EPE,Ep Energy Corporation
EPM,Evolution Petroleum Corp
EPR,Epr Properties
EPZM,Epizyme Inc
EQBK,Equity Bancshare Inc
EQC,Equity Commonwealth
EQIX,Equinix Inc
EQR,Equity Residential
EQT,Eqt Corporation
ERA,Era Group Inc
ERI,Eldorado Resorts Inc
ERIE,Erie Indemnity Co
ERII,Energy Recovery Inc
EROS,Eros Intl Plc
ES,Eversource Energy
ESCA,Escalade Inc
ESE,Esco Technologies Inc
ESGR,Enstar Group Limited
ESIO,Electro Scientific Inds
ESL,Esterline Technologies
ESND,Essendant Inc
ESNT,Essent Group Ltd
ESPR,Esperion Therapeutics
ESRT,Empire State Realty
ESRX,Express Scripts Hold Co
ESS,Essex Property Trust Inc
ESSA,Essa Bancorp Inc
ESTE,Earthstone Energy Inc
ESV,Ensco Plc
ESXB,Community Bankers Trust
ETFC,E Trade Financial Corp
ETH,Ethan Allen Interiors
ETM,Entercom Communications
ETN,Eaton Corp Plc
ETR,Entergy Corp
ETSY,Etsy Inc
EV,Eaton Vance Corp
EVBG,Everbridge Inc
EVBN,Evans Bancorp Inc
EVC,Entravision Comm
EVH,Evolent Health Inc
EVHC,Envision Healthcare Corp
EVI,Envirostar Inc
EVR,Evercore Partners
EVRI,Everi Holdings Inc
EVTC,Evertec Inc
EW,Edwards Lifesciences
EWBC,East West Bancorp Inc
EXA,Exa Corp
EXAC,Exactech Inc
EXAS,Exact Sciences Corp
EXC,Exelon Corp
EXEL,Exelixis Inc
EXLS,Exlservice Holdings Inc
EXP,Eagle Materials Inc
EXPD,Expeditors Intl Of Wash
EXPE,Expedia Inc
EXPO,Exponent Inc
EXPR,Express Inc
EXR,Extra Space Storage Inc
EXTN,Exterran Corporation
EXTR,Extreme Networks Inc
EXXI,Energy Xxi Gulf Coast
EZPW,Ezcorp Inc
F,Ford Motor Co
FAF,First American Finl Corp
FANG,Diamondback Energy Inc
FARM,Farmer Bros Co
FARO,Faro Technologies Inc
FAST,Fastenal Co
FATE,Fate Therapeutics Inc
FB,Facebook Inc
FBC,Flagstar Bancorp Inc
FBHS,Fortune Brds Home & Sec
FBIO,Fortress Biotech Inc
FBIZ,First Business Finl Svcs
FBK,Fb Financial Corp
FBM,Foundation Bldg Material
FBMS,First Bancshares Inc Ms
FBNC,First Bancorp Nc
FBNK,First Conn Bancorp Inc
FBP,First Bancorp Pr
FC,Franklin Covey Co
FCB,Fcb Financial Holdings
FCBC,First Cmnty Bancshar
FCE.A,Forest City Realty Trust
FCF,First Commonwlth Finl
FCFP,First Community Finl Inc
FCFS,Firstcash Inc
FCH,Felcor Lodging Trust Inc
FCN,Fti Consulting Inc
FCNCA,First Citizens Bancshrs
FCPT,Four Corners Ppty Trust
FCX,Freeport-Mcmoran Inc
FDC,First Data Corporation
FDEF,First Defiance Financial
FDP,Fresh Del Monte Produce
FDS,Factset Research Systems
FDX,Fedex Corp
FE,Firstenergy Corp
FELE,Franklin Electric Co
FET,Forum Energy Tech
FEYE,Fireeye Inc
FF,Futurefuel Corporation
FFBC,First Financial Bancorp
FFG,Fbl Financial Group Inc
FFIC,Flushing Financial Corp
FFIN,First Finl Bankshares
FFIV,F5 Networks Inc
FFKT,Farmers Capital Bk Corp
FFNW,First Finl Northwest
FFWM,First Fndtn Inc
FGBI,First Guaranty Bancshare
FGEN,Fibrogen Inc
FGL,Fidelity & Guaranty
FHB,First Hawaiian Inc
FHN,First Horizon Natl Corp
FI,Frank'S International
FIBK,First Intst Bancsystem
FICO,Fair Isaac Corp
FII,Federated Investors Inc
FINL,Finish Line Inc
FIS,Fidelity Natl Info Svcs
FISI,Financial Instns Inc
FISV,Fiserv Inc
FIT,Fitbit Inc
FITB,Fifth Third Bancorp
FIVE,Five Below
FIVN,Five9 Inc
FIX,Comfort Systems Usa Inc
FIZZ,National Beverage Corp
FL,Foot Locker Inc
FLDM,Fluidigm Corp
FLIC,First Long Island Corp
FLIR,Flir Systems Inc
FLO,Flowers Foods Inc
FLOW,Spx Flow Inc
FLR,Fluor Corp
FLS,Flowserve Corp
FLT,Fleetcor Technologies
FLWS,1-800 Flowers Com
FLXN,Flexion Therapeutics Inc
FLXS,Flexsteel Industries Inc
FMAO,Farmers & Merchants Bncp
FMBH,First Mid Ill Bancshares
FMBI,First Midwest Bancorp
FMC,Fmc Corp
FMI,Foundation Medicine Inc
FMNB,Farmers Natl Banc Corp
FMSA,Fairmount Santrol Hldgs
FN,Fabrinet
FNB,Fnb Corp
FNBG,Fnb Bancorp
FND,Floor & Decor Holdings
FNF,Fnf Group
FNFV,Fnfv Group
FNGN,Financial Engines Inc
FNHC,Federated Natl Holding
FNLC,First Bancorp Inc
FNSR,Finisar Corp
FNWB,First Northwest Bancorp
FOE,Ferro Corp
FOGO,Fogo De Chai Inc
FOLD,Amicus Therapeutics Inc
FONR,Fonar Corp
FOR,Forestar Group Inc
FORM,Formfactor Inc
FORR,Forrester Research Inc
FOSL,Fossil Group Inc
FOX,21St Century Fox Cl B
FOXA,21St Century Fox Cl A
FOXF,Fox Factory Holding Corp
FPI,Farmland Partners Inc
FPO,First Potomac Realty Tr
FPRX,Five Prime Therapeutics
FR,First Industrial Rlty Tr
FRAC,Keane Group Inc
FRAN,Francescas Holdings Corp
FRBK,Republic First Bancorp
FRC,First Rep Bk San Fran
FRED,Freds Inc
FRGI,Fiesta Restaurant Group
FRME,First Merchants Corp
FRO,Frontline Ltd
FRP,Fairpoint Communications
FRPH,Frp Holdings Inc
FRPT,Freshpet Inc
FRT,Federal Realty Invt
FRTA,Forterra Inc
FSAM,Fifth Street Asset Mgmt
FSB,Franklin Financial Ntwk
FSLR,First Solar Inc
FSP,Franklin Street Pptys Co
FSS,Federal Signal Corp
FSTR,Foster L B Co
FTD,Ftd Companies Inc
FTK,Flotek Industries Inc
FTNT,Fortinet Inc
FTR,Frontier Communications
FTV,Fortive Corporation
FUEL,Rocket Fuel Inc
FUL,Hb Fuller Company
FULT,Fulton Financial Corp
FWONA,Liberty Formula 1 Ser A
FWONK,Liberty Formula 1 Ser C
FWRD,Forward Air Corp
G,Genpact Ltd
GABC,German American Bancorp
GAIA,Gaia Inc
GATX,Gatx Corp
GBCI,Glacier Bancorp Inc
GBL,Gamco Investors Inc
GBLI,Global Indemnity Ltd
GBNK,Guaranty Bancorp
GBT,Global Blood Thera
GBX,Greenbrier Companies Inc
GCAP,Gain Capital Hldngs Inc
GCBC,Greene County Bancorp
GCI,Gannett Co Inc
GCO,Genesco Inc
GCP,Gcp Applied Technologies
GD,General Dynamics Corp
GDDY,Godaddy Inc
GDEN,Golden Entertainment Inc
GDI,Gardner Denver Holdings
GDOT,Green Dot Corp
GE,General Electric Co
GEF,Greif Inc
GEF.B,Greif Inc
GEN,Genesis Healthcare Inc
GENC,Gencor Industries Inc
GEO,Geo Group Inc
GEOS,Geospace Technologies
GERN,Geron Corp
GES,Guess Inc
GFF,Griffon Corp
GGG,Graco Inc
GGP,Ggp Inc
GHC,Graham Holdings Company
GHDX,Genomic Health Inc
GHL,Greenhill & Co Inc
GHM,Graham Corp
GIFI,Gulf Island Fabrication
GIII,G-Iii Apparel Group Ltd
GILD,Gilead Sciences Inc
GIMO,Gigamon Inc
GIS,General Mills Inc
GKOS,Glaukos Corporation
GLBL,Terraform Global Inc
GLDD,Great Lakes Dredge & Doc
GLNG,Golar Lng Ltd Bermuda
GLOG,Gaslog Ltd
GLPI,Gaming And Leisure Pptys
GLRE,Greenlight Capital Re Lt
GLT,Glatfelter
GLUU,Glu Mobile Inc
GLW,Corning Inc
GM,General Mtrs Co
GME,Gamestop Corp
GMED,Globus Medical Inc
GMRE,Global Medical Reit Inc
GMS,Gms Inc
GNBC,Green Bancorp Inc
GNC,Gnc Hldgs Inc
GNCA,Genocea Biosciences Inc
GNCMA,General Communication
GNE,Genie Energy Ltd
GNK,Genco Shipping & Trading
GNL,Global Net Lease Inc
GNMK,Genmark Diagnostics Inc
GNRC,Generac Holdings Inc
GNRT,Gener8 Maritime Inc
GNTX,Gentex Corp
GNTY,Guaranty Bancshares Inc
GNW,Genworth Financial Inc
GOGO,Gogo Inc
GOLF,Acushnet Holdings Corp
GOOD,Gladstone Commercial
GOOG,Alphabet Inc Cl C
GOOGL,Alphabet Inc Cl A
GORO,Gold Resource Corp
GOV,Government Ppty Income
GPC,Genuine Parts Co
GPI,Group 1 Automotive Inc
GPK,Graphic Packaging Hldg
GPN,Global Payments Inc
GPOR,Gulfport Energy Corp
GPRE,Green Plains Inc
GPRO,Gopro Inc
GPS,Gap Inc
GPT,Gramercy Property Trust
GPX,Gp Strategies Corp
GRA,Grace W R & Co
GRBK,Green Brick Partners Inc
GRC,Gorman Rupp Co
GRIF,Griffin Industrial Rlty
GRMN,Garmin Ltd
GRPN,Groupon Inc
GRUB,Grubhub Inc
GS,Goldman Sachs Group Inc
GSAT,Globalstar Inc
GSBC,Great Southern Bancorp
GSIT,Gsi Technology
GSOL,Global Sources Ltd
GST,Gastar Expl Inc
GT,Goodyear Tire & Rubber
GTLS,Chart Industries Inc
GTN,Gray Television Inc
GTS,Triple-S Management Corp
GTT,Gtt Communications Inc
GTY,Getty Realty Corp
GUID,Guidance Software Inc
GVA,Granite Constr Inc
GWB,Great Western Bancorp
GWR,Genesee & Wyoming Inc
GWRE,Guidewire Software Inc
GWRS,Global Water Resources
GWW,Grainger Ww Inc
GXP,Great Plains Energy Inc
H,Hyatt Hotels Corp
HA,Hawaiian Holdings Inc
HABT,Habit Restaurants
HAE,Haemonetics Corp
HAFC,Hanmi Financial Corp
HAIN,Hain Celestial Group
HAL,Halliburton Co
HALL,Hallmark Finl Svcs Inc
HALO,Halozyme Therapeutics
HAS,Hasbro Inc
HASI,Hannon Armstrong Sustain
HAWK,Blackhawk Network Hldgs
HAYN,Haynes International Inc
HBAN,Huntington Bancshares
HBCP,Home Bancorp Inc
HBHC,Hancock Holding Co
HBI,Hanesbrand Inc
HBMD,Howard Bancorp Inc
HBNC,Horizon Bancorp Ind
HBP,Huttig Building Products
HCA,Hca Healthcare Inc
HCC,Warrior Met Coal Inc
HCCI,Heritage Cryl Clean Inc
HCHC,Hc2 Hldgs Inc
HCI,Hci Group Inc
HCKT,Hackett Group Inc
HCN,Welltower Inc
HCOM,Hawaiian Telcom Holdco
HCP,Hcp Inc
HCSG,Healthcare Svcs Grp Inc
HD,Home Depot Inc
HDNG,Hardinge Inc
HDP,Hortonworks Inc
HDS,Hd Supply Holdings Inc
HDSN,Hudson Technologies Inc
HE,Hawaiian Electric Inds
HEES,H&E Equipment Services
HEI,Heico Corp Common
HEI.A,Heico Corp Cl A
HELE,Helen Of Troy Ltd
HES,Hess Corp
HF,Hff Inc
HFC,Hollyfrontier Corp
HFWA,Heritage Financial Corp
HGV,Hilton Grand Vacations
HHC,Howard Hughes Corp
HI,Hillenbrand Inc
HIBB,Hibbett Sports Inc
HIFR,Infrareit Inc
HIFS,Hingham Instn Svgs Mass
HIG,Hartford Finl Svcs Grp
HII,Huntington Ingalls Ind
HIIQ,Health Ins Innovations
HIL,Hill International Inc
HIVE,Aerohive Networks Inc
HIW,Highwoods Properties Inc
HK,Halcon Resources Corp
HL,Hecla Mining Co
HLF,Herbalife Ltd
HLI,Houlihan Lokey Inc
HLIT,Harmonic Inc
HLNE,Hamilton Lane Inc
HLS,Healthsouth Corp
HLT,Hilton Worldwide Holding
HLX,Helix Energy Solutions
HMHC,Houghton Mifflin Harcour
HMN,Horace Mann Educators
HMST,Homestreet Inc
HMSY,Hms Holdings Corp
HMTV,Hemisphere Media Group
HNH,Handy & Harman Hldgs Ltd
HNI,Hni Corporation
HNRG,Hallador Energy Co
HOFT,Hooker Furniture Corp
HOG,Harley Davidson Inc
HOLX,Hologic Inc
HOMB,Home Bancshares Inc
HOME,At Home Group Inc
HON,Honeywell International
HONE,Harborone Bancorp Inc
HOPE,Hope Bancorp Inc
HOV,Hovnanian Enterprises
HP,Helmerich & Payne Inc
HPE,Hewlett Packard Ent
HPP,Hudson Pac Pptys Inc
HPQ,Hp Inc
HPT,Hospitality Pptys Trust
HQY,Healthequity Inc
HR,Healthcare Realty Trust
HRB,Block H & R Inc
HRC,Hill-Rom Holdings Inc
HRG,Hrg Group Inc
HRI,Herc Holding Inc
HRL,Hormel Foods Corp
HRS,Harris Corp
HRTG,Heritage Ins Hldgs Inc
HRTX,Heron Therapeutics Inc
HSC,Harsco Corp
HSIC,Schein Henry Inc
HSII,Heidrick & Struggles
HSKA,Heska Corp
HSNI,Hsn Inc
HST,Host Hotels & Resorts
HSTM,Healthstream Inc
HSY,Hershey Company
HT,Hersha Hospitality Trust
HTA,Healthcare Tr Amer Inc
HTBI,Hometrust Bancshares Inc
HTBK,Heritage Commerce Corp
HTH,Hilltop Holdings Inc
HTLD,Heartland Express Inc
HTLF,Heartland Financial Usa
HTZ,Hertz Global Holdings
HUBB,Hubbell Inc
HUBG,Hub Group Inc
HUBS,Hubspot Inc
HUM,Humana Inc
HUN,Huntsman Corp
HURC,Hurco Companies Inc
HURN,Huron Consulting Group
HVT,Haverty Furniture Inc
HWKN,Hawkins Inc
HXL,Hexcel Corp
HY,Hyster-Yale Materials
HYH,Halyard Health Inc
HZN,Horizon Global Corp
HZNP,Horizon Pharma Plc
HZO,Marinemax Inc
I,Intelsat Sa
IAC,Iac Interactivecorp
IART,Integra Lifesciences
IBCP,Independent Bank Corp
IBKC,Iberiabank Corp
IBKR,Interactive Brokers Grp
IBM,Intl Business Machines
IBOC,International Bancshares
IBP,Installed Bldng Products
IBTX,Independent Bk Group Inc
ICBK,County Bancorp Inc
ICD,Ind Contract Drilling
ICE,Intercontinental Exch
ICFI,Icf International Inc
ICHR,Ichor Holdings Inc
ICON,Iconix Brand Group Inc
ICPT,Intercept Pharma Inc
ICUI,Icu Medical Inc
IDA,Idacorp Inc
IDCC,Interdigital Inc
IDRA,Idera Pharmaceuticals
IDT,Idt Corp
IDTI,Integrated Device Tech
IDXX,Idexx Labs Inc
IESC,Ies Holdings Inc
IEX,Idex Corp
IFF,Intl Flavors & Fragrance
IGT,International Game Tech
IHC,Independence Holding Co
III,Information Services Grp
IIIN,Insteel Industries Inc
IIVI,Ii Vi Inc
ILG,Ilg Inc
ILMN,Illumina Inc
IMAX,Imax Corp
IMDZ,Immune Design Corp
IMGN,Immunogen Inc
IMH,Impac Mtg Hldgs Inc
IMKTA,Ingles Markets Inc
IMMR,Immersion Corp
IMMU,Immunomedics Inc
IMPV,Imperva Inc
INAP,Internap Corporation
INBK,First Internet Bancorp
INCR,Inc Research Holdings
INCY,Incyte Corp
INDB,Independent Bank Ma
INFN,Infinera Corp
INFO,Ihs Markit Ltd
INGN,Inogen Inc
INGR,Ingredion Inc
INN,Summit Hotel Pptys
INO,Inovio Pharmaceuticals
INOV,Inovalon Holdings Inc
INSE,Inspired Entertainment
INSM,Insmed Inc
INST,Instructure Inc
INSW,International Seaways
INSY,Insys Therapeutics Inc
INT,World Fuel Svcs Corp
INTC,Intel Corp
INTL,Intl Fcstone Inc
INTU,Intuit
INVA,Innoviva Inc
INVH,Invitation Homes Inc
INWK,Innerworkings Inc
IONS,Ionis Pharmaceuticals
IOSP,Innospec Inc
IP,International Paper Co
IPAR,Inter Parfums Inc
IPCC,Infinity Ppty & Cas Corp
IPG,Interpublic Group Of Cos
IPGP,Ipg Photonics Corp
IPHI,Inphi Corp
IPHS,Innophos Holdings Inc
IPI,Intrepid Potash Inc
IPXL,Impax Laboratories Inc
IR,Ingersoll-Rand Plc
IRBT,Irobot Corp
IRDM,Iridium Communications
IRET,Investors Real Estate Tr
IRM,Iron Mountain Inc
IRT,Independence Rlty Trust
IRTC,Irhythm Technologies Inc
IRWD,Ironwood Pharmaceuticals
ISBC,Investors Bancorp Inc
ISCA,International Speedway
ISRG,Intuitive Surgical Inc
ISRL,Isramco Inc
ISTR,Investar Holding Corp
IT,Gartner Inc
ITCI,Intra Cellular Therapies
ITG,Investment Technology
ITGR,Integer Holdings Corp
ITI,Iteris Inc
ITIC,Investors Title Co
ITRI,Itron Inc
ITT,Itt Inc
ITW,Illinois Tool Works Inc
IVAC,Intevac Inc
IVC,Invacare Corp
IVR,Invesco Mortgage Cap
IVZ,Invesco Ltd
IXYS,Ixys Corp
JACK,Jack In The Box Inc
JAG,Jagged Peak Energy Inc
JAX,J Alexanders Holdings
JBHT,Jb Hunt Trans Svcs Inc
JBL,Jabil Inc
JBLU,Jetblue Airways Corp
JBSS,Sanfilippo John B & Son
JBT,John Bean Tech Corp
JCAP,Jernigan Cap Inc
JCI,Johnson Controls Intnl
JCOM,J2 Global Inc
JCP,Penney J C Inc
JEC,Jacobs Engineering Grp
JELD,Jeld-Wen Holding Inc
JILL,Jjill Inc
JJSF,J & J Snack Foods Co
JKHY,Henry Jack & Associates
JLL,Jones Lang Lasalle Inc
JNCE,Jounce Therapeutics Inc
JNJ,Johnson & Johnson
JNPR,Juniper Networks Inc
JOE,St Joe Co
JONE,Jones Energy Inc
JOUT,Johnson Outdoors Inc
JPM,Jpmorgan Chase & Co
JRVR,James River Group Hldg
JUNO,Juno Therapeutics Inc
JW.A,Wiley John & Sons Inc
JWN,Nordstrom Inc
K,Kellogg Co
KAI,Kadant Inc
KALU,Kaiser Aluminum Corp
KAMN,Kaman Corp
KAR,Kar Auction Services Inc
KATE,Kate Spade & Co
KBAL,Kimball International
KBH,Kb Home
KBR,Kbr Inc
KCG,Kcg Holdings Inc
KE,Kimball Electronics Inc
KEG,Key Energy Services Inc
KELYA,Kelly Services Inc
KEM,Kemet Corp
KERX,Keryx Biopharmaceuticals
KEX,Kirby Corp
KEY,Keycorp
KEYS,Keysight Technologies
KEYW,Keyw Holding Corp
KFRC,Kforce Inc
KFY,Korn Ferry International
KHC,The Kraft Heinz Company
KIM,Kimco Realty Corp
KIN,Kindred Biosciences Inc
KINS,Kingstone Cos Inc
KIRK,Kirklands Inc
KITE,Kite Pharma Inc
KLAC,Kla-Tencor Corp
KLDX,Klondex Mines Ltd
KLXI,Klx Inc
KMB,Kimberly Clark Corp
KMG,Kmg Chemicals Inc
KMI,Kinder Morgan Inc
KMPR,Kemper Corporation
KMT,Kennametal Inc
KMX,Carmax Inc
KN,Knowles Corporation
KND,Kindred Healthcare Inc
KNL,Knoll Inc
KNSL,Kinsale Capital Group
KNX,Knight Transportation
KO,Coca Cola Co
KODK,Eastman Kodak Co
KOP,Koppers Holdings Inc
KOPN,Kopin Corp
KORS,Michael Kors Hldgs Ltd
KOS,Kosmos Energy Ltd
KPTI,Karyopharm Therapeutics
KR,Kroger Co
KRA,Kraton Corporation
KRC,Kilroy Realty Corp
KREF,Kkr Real Estate Finance
KRG,Kite Realty Group Trust
KRNY,Kearny Financial Corp
KRO,Kronos Worldwide Inc
KS,Kapstone Paper And Pack
KSS,Kohls Corp
KSU,Kansas City Southern
KTOS,Kratos Defense & Sec Sol
KTWO,K2M Group Hldgs Inc
KURA,Kura Oncology Inc
KVHI,Kvh Industries Inc
KW,Kennedy-Wilson Hldgs Inc
KWR,Quaker Chemical Corp
L,Loews Corp
LABL,Multi Color Corp
LAD,Lithia Motors Inc
LADR,Ladder Capital Corp
LAMR,Lamar Advertising Co
LANC,Lancaster Colony Corp
LAUR,Laureate Education Inc
LAWS,Lawson Products Inc
LAYN,Layne Christensen Co
LAZ,Lazard Ltd
LB,L Brands Inc
LBAI,Lakeland Bancorp Inc
LBIO,Lion Biotechnologies Inc
LBRDA,Liberty Broadband Cl A
LBRDK,Liberty Broadband Cl C
LBY,Libbey Inc
LC,Lendingclub Corporation
LCI,Lannett Co Inc
LCII,Lci Industries
LCNB,Lcnb Corp
LCUT,Lifetime Brands Inc
LDL,Lydall Inc
LDOS,Leidos Holdings Inc
LDR,Landauer Inc
LE,Lands End Inc
LEA,Lear Corp
LECO,Lincoln Electric Hldgs
LEG,Leggett & Platt Inc
LEN,Lennar Corp Cl A
LEN.B,Lennar Corp Cl B
LEXEA,Liberty Expedia Holdings
LFGR,Leaf Group Ltd
LFUS,Littelfuse Inc
LGF.A,Lions Gate Ent Class A
LGF.B,Lions Gate Ent Class B
LGIH,Lgi Homes Inc
LGND,Ligand Pharmaceuticals
LH,Laboratory Corp Of Amer
LHCG,Lhc Group Inc
LHO,Lasalle Hotel Properties
LII,Lennox International Inc
LIND,Lindblad Expeditions Inc
LION,Fidelity Southern Corp
LITE,Lumentum Holdings Inc
LIVN,Livanova Plc
LJPC,La Jolla Pharmaceutical
LKFN,Lakeland Financial Corp
LKQ,Lkq Corp
LKSD,Lsc Communications
LL,Lumber Liquidators Hldgs
LLEX,Lilis Energy Inc
LLL,L3 Technologies
LLNW,Limelight Networks Inc
LLY,Lilly Eli & Co
LM,Legg Mason Inc
LMAT,Lemaitre Vascular Inc
LMIA,Lmi Aerospace Inc
LMNR,Limoneira Co
LMNX,Luminex Corp
LMOS,Lumos Networks Corp
LMT,Lockheed Martin Corp
LNC,Lincoln National Corp
LNCE,Snyder'S-Lance Inc
LNDC,Landec Corp
LNG,Cheniere Energy Inc
LNN,Lindsay Corp
LNT,Alliant Energy Corp
LNTH,Lantheus Holdings Inc
LOB,Live Oak Bancshares Inc
LOCO,El Pollo Loco Hldgs Inc
LOGM,Logmein Inc
LOPE,Grand Canyon Education
LORL,Loral Space & Comm
LOW,Lowes Cos Inc
LOXO,Loxo Oncology Inc
LPG,Dorian Lpg Ltd
LPI,Laredo Petroleum Inc
LPLA,Lpl Financial Holdings
LPNT,Lifepoint Health Inc
LPSN,Liveperson Inc
LPT,Liberty Property Trust
LPX,Louisiana Pacific Corp
LQ,La Quinta Hldgs Inc
LQDT,Liquidity Services Inc
LRCX,Lam Research Corp
LRN,K12 Inc
LSCC,Lattice Semiconductor
LSI,Life Storage Inc
LSTR,Landstar Systems Inc
LSXMA,Liberty Siriusxm Ser A
LSXMK,Liberty Siriusxm Ser C
LTC,Ltc Properties Inc
LTRPA,Liberty Tripadvisor Hldg
LTS,Ladenburg Thalman Fin
LTXB,Legacytexas Fin Group
LUK,Leucadia National Corp
LULU,Lululemon Athletica Inc
LUV,Southwest Airlines Co
LVLT,Level 3 Communications
LVNTA,Liberty Ventures
LVS,Las Vegas Sands Corp
LW,Lamb Weston Holdings
LWAY,Lifeway Foods Inc
LXP,Lexington Realty Trust
LXRX,Lexicon Pharmaceuticals
LXU,Lsb Industries Inc
LYB,Lyondellbasell Inds
LYTS,Lsi Industries Inc
LYV,Live Nation Ent Inc
LZB,La Z Boy Inc
M,Macys Inc
MA,Mastercard Inc
MAA,Mid-Amer Apt Cmntys
MAC,Macerich Co
MACK,Merrimack Pharmaceutical
MAN,Manpowergroup
MANH,Manhattan Assocs Inc
MANT,Mantech International
MAR,Marriott Intl Inc
MAS,Masco Corp
MASI,Masimo Corporation
MAT,Mattel Inc
MATW,Matthews International
MATX,Matson Inc
MB,Mindbody Inc
MBCN,Middlefield Banc Corp
MBFI,Mb Financial Inc
MBI,Mbia Inc
MBTF,Mbt Finl Corp
MBUU,Malibu Boats Inc
MBWM,Mercantile Bank Corp
MC,Moelis & Co
MCBC,Macatawa Bank Corp
MCD,Mcdonalds Corp
MCF,Contango Oil & Gas Co
MCFT,Mcbc Holdings Inc
MCHP,Microchip Technology
MCK,Mckesson Corp
MCO,Moodys Corp
MCRB,Seres Therapeutics Inc
MCRI,Monarch Casino & Resort
MCRN,Milacron Holdings Corp
MCS,Marcus Corp
MCY,Mercury General Corp
MD,Mednax Inc
MDC,Mdc Holdings Inc
MDCA,Mdc Corp
MDCO,Medicines Co
MDGL,Madrigal Pharmaceuticals
MDLY,Medley Management Inc
MDLZ,Mondelez International
MDP,Meredith Corp
MDR,Mcdermott Intl Inc
MDRX,Allscripts Healthcare
MDSO,Medidata Solutions Inc
MDT,Medtronic Plc
MDU,Mdu Resources Group Inc
MDXG,Mimedx Group Inc
MED,Medifast Inc
MEDP,Medpace Holdings Inc
MEET,The Meet Group
MEI,Methode Electrs Inc
MET,Metlife Inc
METC,Ramaco Resources Inc
MFA,Mfa Financial Inc
MFSF,Mutualfirst Finl Inc
MG,Mistras Group Inc
MGEE,Mge Energy Inc
MGEN,Miragen Therapeutics
MGI,Moneygram International
MGLN,Magellan Health Inc
MGM,Mgm Resorts Intl
MGNX,Macrogenics Inc
MGPI,Mgp Ingredients Inc
MGRC,Mcgrath Rentcorp
MHK,Mohawk Industries Inc
MHLD,Maiden Holdings Ltd
MHO,M/I Homes Inc
MIC,Macquarie Infrastructure
MIDD,Middleby Corp
MIK,Michaels Cos Inc/The
MINI,Mobile Mini Inc
MITK,Mitek Sys Inc
MITT,Ag Mortgage Invt Tr Inc
MJCO,Majesco
MKC,Mccormick & Co Inc
MKL,Markel Corp
MKSI,Mks Instruments Inc
MKTX,Marketaxess Holdings Inc
MLAB,Mesa Labs Inc
MLHR,Herman Miller Inc
MLI,Mueller Industries Inc
MLM,Martin Marietta Mtls
MLP,Maui Land & Pineapple Co
MLR,Miller Industries Inc
MLVF,Malvern Bancorp Inc
MMC,Marsh & Mclennan Cos
MMI,Marcus & Millichap
MMM,3M Co
MMS,Maximus Inc
MMSI,Merit Med Systems Inc
MNK,Mallinckrodt Plc
MNOV,Medicinova Inc
MNR,Monmouth Real Estate
MNRO,Monro Muffler Brake Inc
MNST,Monster Beverage Corp
MNTA,Momenta Pharmaceuticals
MO,Altria Group Inc
MOBL,Mobileiron Inc
MOD,Modine Manufacturing Co
MODN,Model N Inc
MOFG,Midwestone Finl Group
MOG.A,Moog Inc
MOH,Molina Healthcare Inc
MON,Monsanto Co
MORE,Monogram Residential Tr
MORN,Morningstar Inc
MOS,Mosaic Company
MOV,Movado Group Inc
MPAA,Motorcar Pts America Inc
MPC,Marathon Petroleum Corp
MPO,Midstates Petroleum Co
MPW,Medical Properties Trust
MPWR,Monolithic Power Systems
MPX,Marine Products Corp
MRC,Mrc Global Inc
MRCY,Mercury Systems Inc
MRK,Merck & Co Inc
MRLN,Marlin Business Svcs
MRO,Marathon Oil Corp
MRT,Medequities Realty Trust
MRTN,Marten Trans Ltd
MRVL,Marvell Technology Group
MS,Morgan Stanley
MSA,Msa Safety Inc
MSBI,Midland States Bancorp
MSCC,Microsemi Corp
MSCI,Msci Inc
MSEX,Middlesex Water Co
MSFG,Mainsource Financial Grp
MSFT,Microsoft Corp
MSG,Madison Square Garden Co
MSGN,Msg Networks Inc
MSI,Motorola Solutions Inc
MSL,Midsouth Bancorp Inc
MSM,Msc Indl Direct Inc
MSTR,Microstrategy Inc
MTB,M & T Bank Corp
MTCH,Match Group Inc
MTD,Mettler Toledo Intl Inc
MTDR,Matador Res Co
MTG,Mgic Investment Corp
MTGE,Mtge Investment Corp
MTH,Meritage Homes Corp
MTN,Vail Resorts Inc
MTNB,Matinas Biopharma Hldg
MTOR,Meritor Inc
MTRN,Materion Corporation
MTRX,Matrix Service Co
MTSC,Mts Systems Corp
MTSI,Macom Tech Solutions
MTW,Manitowoc Co Inc
MTX,Minerals Technologies
MTZ,Mastec Inc
MU,Micron Technology Inc
MULE,Mulesoft Inc
MUR,Murphy Oil Corp
MUSA,Murphy Usa Inc
MVIS,Microvision Inc
MWA,Mueller Wtr Prods Inc
MXIM,Maxim Integrated Prods
MXL,Maxlinear Inc
MXWL,Maxwell Technologies Inc
MYCC,Clubcorp Holdings
MYE,Myers Industries Inc
MYGN,Myriad Genetics Inc
MYL,Mylan Nv
MYOK,Myokardia Inc
MYRG,Myr Group Inc
NAME,Rightside Group Ltd
NANO,Nanometrics Inc
NAT,Nordic American Tanker
NATH,Nathans Famous Inc
NATI,National Instrs Corp
NATR,Natures Sunshine Prods
NAV,Navistar Intl Corp
NAVG,Navigators Group Inc
NAVI,Navient Corporation
NBHC,National Bank Holdings
NBIX,Neurocrine Biosciences
NBL,Noble Energy Inc
NBN,Northeast Bancorp
NBR,Nabors Industries Ltd
NBTB,Nbt Bancorp Inc
NC,Nacco Industries Inc
NCBS,Nicolet Bankshares Inc
NCI,Navigant Consulting Inc
NCIT,Nci Inc
NCLH,Norwegian Cruise Line
NCMI,National Cinemedia Inc
NCOM,National Comm Corp
NCR,Ncr Corp
NCS,Nci Building Systems Inc
NCSM,Ncs Multistage Hold
NDAQ,Nasdaq Inc
NDLS,Noodles & Company
NDSN,Nordson Corp
NE,Noble Corporation Plc
NEE,Nextera Energy Inc
NEFF,Neff Corp
NEM,Newmont Mining Corp
NEO,Neogenomics Inc
NEOG,Neogen Corp
NEOS,Neos Therapeutics Inc
NERV,Minerva Neurosciences
NEU,Newmarket Corporation
NEWM,New Media Invt Group Inc
NEWR,New Relic Inc
NEWS,Newstar Financial Inc
NFBK,Northfield Bancorp Inc
NFG,National Fuel Gas Co
NFLX,Netflix Inc
NFX,Newfield Exploration Co
NGHC,National Gen Hldgs Corp
NGS,Natural Gas Services Grp
NGVC,Natural Grocers Vita Ctg
NGVT,Ingevity Corporation
NH,Nanthealth Inc
NHC,National Healthcare Corp
NHI,National Health Invs Inc
NHTC,Natural Health Trends Co
NI,Nisource Inc
NJR,New Jersey Resources
NK,Nantkwest Inc
NKE,Nike Inc
NKSH,National Bankshares Inc
NKTR,Nektar Therapeutics
NL,Nl Industries Inc
NLNK,Newlink Genetics Corp
NLS,Nautilus Inc
NLSN,Nielsen Holdings Plc
NLY,Annaly Capital Mgmt Inc
NM,Navios Maritime Holdings
NMIH,Nmi Hldgs Inc
NNA,Navios Maritime Acquis
NNBR,Nn Inc
NNI,Nelnet Inc
NNN,National Retail Pptys
NOC,Northrop Grumman Corp
NODK,Ni Holdings Inc
NOV,National Oilwell Varco
NOVT,Novanta Inc
NOW,Servicenow Inc
NP,Neenah Paper Inc
NPK,National Presto Inds Inc
NPO,Enpro Industries Inc
NPTN,Neophotonics Corp
NR,Newpark Resources Inc
NRCIA,National Research Corp
NRE,Northstar Realty Europe
NRG,Nrg Energy Inc
NRIM,Northrim Bancorp Inc
NRZ,New Residential Invt
NSA,National Storage Affil
NSC,Norfolk Southern Corp
NSIT,Insight Enterprises Inc
NSM,Nationstar Mtg Hldgs Inc
NSP,Insperity Inc
NSR,Neustar Inc
NSSC,Napco Sec Technologies
NSTG,Nanostring Tech Inc
NTAP,Netapp Inc
NTB,Bank Of Nt Butterfield
NTCT,Netscout Systems Inc
NTGR,Netgear Inc
NTLA,Intella Therapeutics Inc
NTNX,Nutanix Inc
NTRA,Natera Inc
NTRI,Nutri System Inc
NTRS,Northern Trust Corp
NUAN,Nuance Communications
NUE,Nucor Corp
NUS,Nu Skin Enterprises
NUTR,Nutraceutical Intl Corp
NUVA,Nuvasive Inc
NVAX,Novavax Inc
NVCR,Novocure Ltd
NVDA,Nvidia Corp
NVEC,Nve Corp
NVEE,Nv5 Global Inc
NVLN,Novelion Therapeutics
NVR,Nvr Inc
NVRO,Nevro Corp
NVTA,Invitae Corporation
NWBI,Northwest Bancshares Inc
NWE,Northwestern Corp
NWFL,Norwood Financial Corp
NWHM,New Home Company Inc
NWL,Newell Brands Inc
NWLI,National Western Life
NWN,Northwest Natural Gas Co
NWPX,Northwest Pipe Co
NWS,News Corp Cl B
NWSA,News Corp Cl A
NX,Quanex Building Products
NXEO,Nexeo Solutions Inc
NXPI,Nxp Semiconductors Nv
NXRT,Nexpoint Residential Tr
NXST,Nexstar Media Group Inc
NXTM,Nxstage Medical Inc
NYCB,New York Cmnty Bancorp
NYLD,Nrg Yield Inc Cl C
NYLD.A,Nrg Yield Inc Cl A
NYMT,New York Mtg Tr Inc
NYMX,Nymox Pharmaceutical
NYNY,Empire Resorts Inc
NYT,New York Times Co
O,Realty Income Corp
OA,Orbital Atk Inc
OAS,Oasis Pete Inc
OB,Onebeacon Insurance Grp
OBLN,Obalon Therapeutics Inc
OC,Owens Corning
OCFC,Oceanfirst Financial
OCLR,Oclaro Inc
OCN,Ocwen Financial Corp
OCUL,Ocular Therapeutix Inc
OCX,Oncocyte Corporation
ODC,Oil Dri Corp Of America
ODFL,Old Dominion Freight
ODP,Office Depot Inc
OFC,Corporate Office Pptys
OFED,Oconee Federal Financial
OFG,Ofg Bancorp
OFIX,Orthofix Intl Nv
OFLX,Omega Flex Inc
OGE,Oge Energy Corp
OGS,One Gas Inc
OHI,Omega Healthcare Invs
OI,Owens Illinois Inc
OII,Oceaneering Intl Inc
OIS,Oil States International
OKE,Oneok Inc
OKSB,Southwest Bancorp Inc Ok
OKTA,Okta Inc
OLBK,Old Line Bancshares Inc
OLED,Universal Display Corp
OLLI,Ollies Bargain Outlet
OLN,Olin Corp
OLP,One Liberty Properties
OMAM,Om Asset Management
OMC,Omnicom Group Inc
OMCL,Omnicell Inc
OME,Omega Protein Corp
OMER,Omeros Corp
OMF,Onemain Holdings Inc
OMI,Owens & Minor Inc
OMN,Omnova Solutions Inc
OMNT,Ominto Inc
ON,On Semiconductor Corp
ONB,Old National Bancorp
ONCE,Spark Therapeutics Inc
ONDK,On Deck Capital Inc
ONVO,Organovo Hldgs Inc
OOMA,Ooma Inc
OPB,Opus Bk Irvine Calif
OPK,Opko Health Inc
OPOF,Old Point Finl Corp
OPY,Oppenheimer Holdings Inc
ORA,Ormat Technologies Inc
ORBC,Orbcomm Inc
ORC,Orchid Island Capital
ORCL,Oracle Corp
ORI,Old Republic Intl Corp
ORIT,Oritani Financial Corp
ORLY,O Reilly Automotive Inc
ORM,Owens Rlty Mtg Inc
ORN,Orion Group Holdings
ORRF,Orrstown Finl Svcs Inc
OSBC,Old Second Bancorp Inc
OSG,Overseas Shipholding Inc
OSIS,Osi Systems Inc
OSK,Oshkosh Corp
OSTK,Overstock Com Inc
OSUR,Orasure Technologies Inc
OTIC,Otonomy Inc
OTTR,Otter Tail Corp
OUT,Outfront Media Inc
OVBC,Ohio Vy Banc Corp
OVID,Ovid Therapeutics Inc
OXFD,Oxford Immunotec Global
OXM,Oxford Industries Inc
OXY,Occidental Pete Corp
OZRK,Bank Of The Ozarks Inc
P,Pandora Media Inc
PACB,Pacific Biosciences Ca
PACW,Pacwest Bancorp
PAG,Penske Automotive Group
PAH,Platform Specialty Prods
PAHC,Phibro Animal Health
PANW,Palo Alto Networks Inc
PARR,Par Pacific Holdings Inc
PATK,Patrick Inds Inc
PAY,Verifone Systems Inc
PAYC,Paycom Software Inc
PAYX,Paychex Inc
PB,Prosperity Bancshares
PBCT,Peoples United Financial
PBF,Pbf Energy Inc
PBH,Prestige Brands Holdings
PBI,Pitney Bowes Inc
PBIP,Prudential Bancorp Inc
PBNC,Paragon Commercial Corp
PBPB,Potbelly Corporation
PBYI,Puma Biotechnology Inc
PCAR,Paccar Inc
PCBK,Pacific Continental Corp
PCG,Pg&E Corp
PCH,Potlatch Corp
PCLN,The Priceline Group Inc
PCMI,Pcm Inc
PCO,Pendrell Corp
PCRX,Pacira Pharmaceuticals
PCSB,Pcsb Financial Corp
PCTY,Paylocity Hldg Corp
PCYG,Park City Group Inc
PCYO,Purecycle Corp
PDCE,Pdc Energy Inc
PDCO,Patterson Cos Inc
PDFS,Pdf Solutions Inc
PDLI,Pdl Biopharma Inc
PDM,Piedmont Office Rlty Tr
PDVW,Pdvwireless Inc
PE,Parsley Energy Inc
PEB,Pebblebrook Hotel Trust
PEBK,Peoples Bancorp N C Inc
PEBO,Peoples Bancorp Inc
PEG,Public Svc Enterprise
PEGA,Pegasystems Inc
PEGI,Pattern Energy Group Inc
PEI,Pennsylvania Real Estate
PEIX,Pacific Ethanol Inc
PEN,Penumbra Inc
PENN,Penn National Gaming Inc
PEP,Pepsico Inc
PERY,Ellis Perry Intl Inc
PES,Pioneer Energy Services
PETS,Petmed Express Inc
PETX,Aratana Therapeutics Inc
PF,Pinnacle Foods Inc
PFBC,Preferred Bank
PFBI,Premier Finl Bancorp Inc
PFE,Pfizer Inc
PFG,Principal Financial Grp
PFGC,Performance Food Group
PFIS,Peoples Finl Svcs Corp
PFPT,Proofpoint Inc
PFS,Provident Financial Svcs
PFSI,Pennymac Finl Svcs Inc
PG,Procter & Gamble Co
PGC,Peapack-Gladstone Finl
PGEM,Ply Gem Hldgs Inc
PGNX,Progenics Pharmaceutical
PGR,Progressive Corp
PGRE,Paramount Group Inc
PGTI,Pgt Innovations Inc
PH,Parker Hannifin Corp
PHH,Phh Corporation
PHIIK,Phi Inc
PHM,Pultegroup Inc
PHX,Panhandle Oil And Gas
PI,Impinj Inc
PICO,Pico Holdings Inc
PII,Polaris Industries Inc
PINC,Premier Inc
PIR,Pier 1 Imports Inc
PIRS,Pieris Pharmaceuticals
PJC,Piper Jaffray Companies
PJT,Pjt Partners Inc
PK,Park Hotels & Resorts
PKBK,Parke Bancorp Inc
PKD,Parker Drilling Co
PKE,Park Electrochemical
PKG,Packaging Corp Of Amer
PKI,Perkinelmer Inc
PKOH,Park Ohio Holdings Corp
PKY,Parkway Inc
PLAB,Photronics Inc
PLAY,Dave & Busters Entmt Inc
PLCE,Childrens Place Inc
PLD,Prologis Inc
PLNT,Planet Fitness Inc
PLOW,Douglas Dynamics Inc
PLPC,Preformed Line Products
PLPM,Planet Payment Inc
PLSE,Pulse Biosciences Inc
PLT,Plantronics Inc
PLUG,Plug Power Inc
PLUS,Eplus Inc
PLXS,Plexus Corp
PM,Philip Morris Intl
PMBC,Pacific Mercantile Banco
PMC,Pharmerica Corp
PMT,Pennymac Mortgage Inv
PMTS,Cpi Card Group Inc
PNC,Pnc Financial Svcs Group
PNFP,Pinnacle Financial
PNK,Pinnacle Entertainment
PNM,Pnm Resources Inc
PNR,Pentair Plc
PNRA,Panera Bread Co
PNW,Pinnacle West Capital Co
PODD,Insulet Corp
POL,Polyone Corp
POOL,Pool Corp
POR,Portland Gen Elec Co
POST,Post Holdings Inc
POWI,Power Integrations Inc
POWL,Powell Industries Inc
PPBI,Pacific Premier Bancorp
PPC,Pilgrims Pride Corp
PPG,Ppg Industries Inc
PPL,Ppl Corp
PRA,Proassurance Corp
PRAA,Pra Group Inc
PRAH,Pra Health Sciences Inc
PRFT,Perficient Inc
PRGO,Perrigo Co Plc
PRGS,Progress Software Corp
PRI,Primerica Inc
PRIM,Primoris Svcs Corp
PRK,Park National Corp
PRLB,Proto Labs Inc
PRMW,Primo Wtr Corp
PRO,Pros Holdings Inc
PROV,Provident Finl Hldgs Inc
PRSC,Providence Service Corp
PRTA,Prothena Corp Plc
PRTK,Paratek Pharmaceuticals
PRTY,Party City Holdco Inc
PRU,Prudential Financial Inc
PRXL,Parexel International
PSA,Public Storage Inc
PSB,Ps Business Parks Inc
PSDO,Presidio Inc
PSMT,Pricesmart Inc
PSTB,Park Sterling Corp
PSTG,Pure Storage Inc
PSX,Phillips 66
PTC,Ptc Inc
PTCT,Ptc Therapeutics Inc
PTEN,Patterson Uti Energy
PTGX,Protagonist Therapeutics
PTHN,Patheon Nv
PTLA,Portola Pharmaceuticals
PUB,Peoples Utah Bancorp
PUMP,Propetro Holding Co
PVAC,Penn Virginia Corp
PVBC,Provident Bancorp Inc
PVH,Pvh Corp
PWOD,Penns Woods Bancorp Inc
PWR,Quanta Services Inc
PX,Praxair Inc
PXD,Pioneer Nat Resources Co
PXLW,Pixelworks Inc
PYPL,Paypal Holdings Inc
PZN,Pzena Investment Mgmt
PZZA,Papa Johns International
Q,Quintiles Ims Holdings
QADA,Qad Inc
QCOM,Qualcomm Inc
QCP,Quality Care Properties
QCRH,Qcr Holdings Inc
QDEL,Quidel Corp
QEP,Qep Resources Inc
QGEN,Qiagen Nv
QLYS,Qualys Inc
QNST,Quinstreet Inc
QRVO,Qorvo Inc
QSII,Quality Systems Inc
QTM,Quantum Corp
QTNA,Quantenna Communications
QTNT,Quotient Limited
QTS,Qts Realty Trust Inc
QTWO,Q2 Hldgs Inc
QUAD,Quad / Graphics Inc
QUOT,Quotient Technology Inc
QVCA,Liberty Interactive Qvc
R,Ryder System Inc
RAD,Rite Aid Corp
RAI,Reynolds American Inc
RAIL,Freightcar America Inc
RARE,Ultragenyx Pharma
RARX,Ra Pharmaceuticals Inc
RAS,Rait Financial Trust
RATE,Bankrate Inc
RAVN,Raven Industries Inc
RBC,Regal Beloit Corp
RBCAA,Republic Bancorp Inc Ky
RCII,Rent A Center Inc
RCL,Royal Caribbean Cruises
RCM,R1 Rcm Inc
RDC,Rowan Companies Plc
RDI,Reading International
RDN,Radian Group Inc
RDNT,Radnet Inc
RDUS,Radius Health Inc
RE,Everest Re Group Ltd
RECN,Resources Connection
REG,Regency Centers Corp
REGI,Renewable Ener Group Inc
REGN,Regeneron Pharmaceutical
REI,Ring Energy Inc
REIS,Reis Inc
REN,Resolute Energy Corp
REPH,Recro Pharma Inc
RES,Rpc Inc
RESI,Altisource Residential
RETA,Reate Pharmaceuticals
REV,Revlon Inc
REVG,Rev Group Inc
REX,Rex American Resources
REXR,Rexford Industrial Rlty
RF,Regions Financial Corp
RGA,Reinsurance Grp Of Amer
RGC,Regal Entmt Group
RGCO,Rgc Res Inc
RGEN,Repligen Corp
RGLD,Royal Gold Inc
RGNX,Regenxbio Inc
RGR,Sturm Ruger & Co Inc
RGS,Regis Corp
RH,Rh
RHI,Robert Half Intl Inc
RHP,Ryman Hospitality Pptys
RHT,Red Hat Inc
RICE,Rice Energy Inc
RICK,Rci Hospitality Hldgs
RIG,Transocean Ltd
RIGL,Rigel Pharmaceuticals
RILY,B. Riley Financial Inc
RJF,Raymond James Financial
RL,Ralph Lauren Corp
RLGT,Radiant Logistics Inc
RLGY,Realogy Holdings Corp
RLH,Red Lion Hotels Corp
RLI,Rli Corp
RLJ,Rlj Lodging Tr
RM,Regional Mgmt Corp
RMAX,Re/Max Holdings Inc
RMBS,Rambus Inc
RMD,Resmed Inc
RMR,Rmr Group Inc
RMTI,Rockwell Medical Inc
RNET,Rignet Inc
RNG,Ringcentral Inc
RNR,Renaissancere Holdings
RNST,Renasant Corp
RNWK,Realnetworks Inc
ROCK,Gibraltar Industries Inc
ROG,Rogers Corp
ROIC,Retail Opportunity Invts
ROK,Rockwell Automation Inc
ROL,Rollins Inc
ROLL,Rbc Bearings Inc
ROP,Roper Technologies Inc
ROSE,Rosehill Resources Inc
ROST,Ross Stores Inc
ROX,Castle Brands Inc
RP,Realpage Inc
RPAI,Retail Pptys Amer Inc
RPD,Rapid7 Inc
RPM,Rpm International Inc
RPT,Ramco-Gershenson Pptys
RPXC,Rpx Corp
RRC,Range Resources Corp
RRD,Donnelley R R & Sons Co
RRGB,Red Robin Gourmet Burger
RRR,Red Rocks Resorts Inc
RRTS,Roadrunner Trnsn Svcs
RS,Reliance Steel & Alum
RSG,Republic Services Inc
RSO,Resource Capital Corp
RSPP,Rsp Permian Inc
RST,Rosetta Stone Inc
RSYS,Radisys Corp
RT,Ruby Tuesday Inc
RTEC,Rudolph Technologies Inc
RTIX,Rti Surgical Inc
RTN,Raytheon Co
RTRX,Retrophin Inc
RUBI,Rubicon Proj Inc
RUN,Sunrun Inc
RUSHA,Rush Enterprises Inc
RUSHB,Rush Enterprises Inc
RUTH,Ruth'S Hospitality Group
RVLT,Revolution Lighting Tech
RVNC,Revance Therapeutics Inc
RVSB,Riverview Bancorp Inc
RWT,Redwood Trust Inc
RXDX,Ignyta Inc
RXN,Rexnord Corp
RYAM,Rayonier Adv Materials
RYI,Ryerson Holding Corp
RYN,Rayonier Inc
S,Sprint Corp
SABR,Sabre Corp
SAFM,Sanderson Farms Inc
SAFT,Safety Insurance Grp Inc
SAGE,Sage Therapeutics Inc
SAH,Sonic Automotive Inc
SAIA,Saia Inc
SAIC,Science Applications Int
SALM,Salem Media Group Inc
SALT,Scorpio Bulkers Inc
SAM,Boston Beer Inc
SAMG,Silvercrest Asset Mngmt
SANM,Sanmina Corporation
SASR,Sandy Spring Bancorp
SATS,Echostar Corp
SAVE,Spirit Airls Inc
SB,Safe Bulkers Inc
SBAC,Sba Communications Corp
SBBP,Strongbridge Biopharma
SBCF,Seacoast Banking Corp Fl
SBCP,Sunshine Bancorp Inc
SBGI,Sinclair Broadcast Group
SBH,Sally Beauty Holdings
SBNY,Signature Bank
SBOW,Silverbow Resources
SBRA,Sabra Health Care Reit
SBSI,Southside Bancshares Inc
SBUX,Starbucks Corp
SC,Santander Cnsmr Usa Hldg
SCCO,Southern Copper Corp
SCG,Scana Corp
SCHL,Scholastic Corp
SCHN,Schnitzer Steel Inds
SCHW,Schwab Charles Corp
SCI,Service Corp Intl
SCL,Stepan Co
SCLN,Sciclone Pharmaceuticals
SCMP,Sucampo Pharma
SCS,Steelcase Inc
SCSC,Scansource Inc
SCSS,Select Comfort Corp
SCVL,Shoe Carnival Inc
SCWX,Secureworks Corp
SD,Sandridge Energy Inc
SEAS,Seaworld Entmt Inc
SEB,Seaboard Corp
SEE,Sealed Air Corp
SEIC,Sei Investments Co
SELB,Selecta Biosciences Inc
SEM,Select Medical Holdings
SEMG,Semgroup Corp
SENEA,Seneca Foods Corp
SERV,Servicemaster Global
SF,Stifel Financial Corp
SFBS,Servisfirst Bancshares
SFE,Safeguard Scientifics
SFL,Ship Finance Intl
SFLY,Shutterfly Inc
SFM,Sprouts Frmrs Mkt Inc
SFNC,Simmons First National
SFR,Colony Starwood Homes
SFS,Smart & Final Stores Inc
SFST,Southern First Bancshare
SGA,Saga Communications Inc
SGBK,Stonegate Bank
SGC,Superior Uniform Group
SGEN,Seattle Genetics Inc
SGMO,Sangamo Therapeutics Inc
SGMS,Scientific Games Corp
SGRY,Surgery Partners Inc
SGY,Stone Energy Corp
SGYP,Synergy Pharmaceuticals
SHAK,Shake Shack Inc
SHBI,Shore Bancshares Inc
SHEN,Shenandoah Telecomm Co
SHLD,Sears Holdings Corp
SHLM,Schulman A Inc
SHLO,Shiloh Industries Inc
SHO,Sunstone Hotel Invs Inc
SHOO,Madden Steven Ltd
SHOR,Shoretel Inc
SHW,Sherwin Williams Co
SIEN,Sientra Inc
SIFI,Si Financial Group
SIG,Signet Jewelers Ltd
SIGI,Selective Insurance Grp
SIGM,Sigma Designs Inc
SIR,Select Income Reit
SIRI,Sirius Xm Holdings Inc
SITE,Siteone Landscape Supply
SIVB,Svb Financial Group
SIX,Six Flags Entmt Corp
SJI,South Jersey Industries
SJM,Smucker J M Co
SJW,Sjw Group
SKT,Tanger Factory Outlet
SKX,Skechers Usa Inc
SKYW,Skywest Inc
SLAB,Silicon Laboratories Inc
SLB,Schlumberger Ltd
SLCA,U S Silica Hldgs Inc
SLD,Sutherland Asset Mgmt
SLG,Sl Green Realty Corp
SLGN,Silgan Holdings Inc
SLM,Slm Corp
SLP,Simulations Plus Inc
SM,Sm Energy Co
SMBC,Southern Mo Bancorp Inc
SMBK,Smartfinancial Inc
SMCI,Super Micro Computer Inc
SMG,Scotts Miracle-Gro Co
SMHI,Seacor Marine Holdings
SMMF,Summit Financial Group
SMP,Standard Motor Products
SMTC,Semtech Corp
SN,Sanchez Energy Corp
SNA,Snap On Inc
SNBC,Sun Bancorp Inc Nj
SNC,State National Companies
SNCR,Synchronoss Technology
SND,Smart Sand Inc
SNDR,Schneider National Inc
SNDX,Syndax Pharmaceuticals
SNH,Senior Housing Pptys Tr
SNHY,Sun Hydraulics Corp
SNI,Scripps Ntwk Interactive
SNOW,Intrawest Rsrts Hldg Inc
SNPS,Synopsys Inc
SNR,New Sr Invt Group Inc
SNV,Synovus Financial Corp
SNX,Synnex Corp
SO,Southern Co
SOI,Solaris Oilfield
SON,Sonoco Products Co
SONA,Southern Natl Bancorp
SONC,Sonic Corp
SONS,Sonus Networks Inc
SP,Sp Plus Corporation
SPA,Sparton Corp
SPAR,Spartan Motors Inc
SPB,Spectrum Brands Holdings
SPG,Simon Property Group Inc
SPGI,S&P Global Inc
SPKE,Spark Energy Inc
SPLK,Splunk Inc
SPLS,Staples Inc
SPN,Superior Energy Services
SPNC,Spectranetics Corp
SPOK,Spok Holdings Inc
SPPI,Spectrum Pharmaceuticals
SPR,Spirit Aerosystems
SPSC,Sps Comm Inc
SPTN,Spartannash Company
SPWH,Sportsmans Whse Hldgs
SPWR,Sunpower Corp
SPXC,Spx Corp
SQ,Square Inc
SQBG,Sequential Brands Group
SR,Spire Inc
SRC,Spirit Rlty Cap Inc
SRCE,1St Source Corp
SRCI,Src Energy Inc
SRCL,Stericycle Inc
SRDX,Surmodics Inc
SRE,Sempra Energy
SREV,Servicesource Intl
SRG,Seritage Growth Prop
SRI,Stoneridge Inc
SRPT,Sarepta Therapeutics Inc
SRT,Startek Inc
SSB,South State Corporation
SSD,Simpson Manufacturing
SSNC,Ss&C Technologies Hldgs
SSNI,Silver Spring Networks
SSP,Scripps E W Co
SSTK,Shutterstock Inc
SSYS,Stratasys Ltd
ST,Sensata Technologies
STAA,Staar Surgical Co
STAG,Stag Indl Inc
STAR,Istar Inc
STAY,Extended Stay America
STBA,S & T Bancorp Inc
STBZ,State Bk Finl Corp
STC,Stewart Information
STE,Steris Plc
STFC,State Auto Financial
STI,Suntrust Banks Inc
STL,Sterling Bancorp
STLD,Steel Dynamics Inc
STML,Stemline Therapeutics
STMP,Stamps Com Inc
STNG,Scorpio Tankers Inc
STOR,Store Capital Corp
STRA,Strayer Education Inc
STRL,Sterling Construction Co
STRP,Straight Path Comm Inc
STRS,Stratus Pptys Inc
STS,Supreme Inds Inc
STT,State Street Corp
STWD,Starwood Ppty Trust Inc
STZ,Constellation Brands
SUI,Sun Communities Inc
SUM,Summit Matls Inc
SUP,Superior Industries Intl
SUPN,Supernus Pharmaceuticals
SVU,Supervalu Inc
SWFT,Swift Transn Co
SWK,Stanley Black & Decker
SWKS,Skyworks Solutions Inc
SWM,Schweitzer-Mauduit Intl
SWN,Southwestern Energy Co
SWX,Southwest Gas Holdings
SXC,Suncoke Energy Inc
SXI,Standex International
SXT,Sensient Technologies
SYBT,Stock Yards Bancorp Inc
SYF,Synchrony Financial
SYK,Stryker Corp
SYKE,Sykes Enterprises Inc
SYMC,Symantec Corp
SYNA,Synaptics Inc
SYNT,Syntel Inc
SYRS,Syros Pharmaceuticals
SYX,Systemax Inc
SYY,Sysco Corp
T,At&T Inc
TACO,Del Taco Restaurants Inc
TAHO,Tahoe Res Inc
TAP,Molson Coors Brewing Co
TAST,Carrols Restaurant Grp
TAX,Liberty Tax Inc
TBBK,Bancorp Inc
TBI,Trueblue Inc
TBK,Triumph Bancorp Inc
TBNK,Territorial Bancorp Inc
TBPH,Theravance Biopharma Inc
TCBI,Texas Capital Bancshares
TCBK,Trico Bancshares
TCF,Tcf Financial Corp
TCFC,Community Finl Corp Md
TCI,Transcontinental Realty
TCMD,Tactile Systems Tech
TCO,Taubman Centers Inc
TCS,The Container Store Grp
TCX,Tucows Inc
TDC,Teradata Corp
TDG,Transdigm Group Inc
TDOC,Teladoc Inc
TDS,Telephone & Data Systems
TDY,Teledyne Technologies
TEAM,Atlassian Corp Plc
TECD,Tech Data Corp
TECH,Bio-Techne Corp
TELL,Tellurian Inc
TEN,Tenneco Inc
TER,Teradyne Inc
TERP,Terraform Power Inc
TESO,Tesco Corp
TEX,Terex Corp
TFSL,Tfs Finl Corp
TFX,Teleflex Inc
TG,Tredegar Corp
TGH,Textainer Group Hldgs
TGI,Triumph Group Inc
TGNA,Tegna Inc
TGT,Target Corp
TGTX,Tg Therapeutics Inc
THC,Tenet Healthcare Corp
THFF,First Financial Corp
THG,Hanover Insurance Group
THO,Thor Industries Inc
THR,Thermon Group Hldgs Inc
THRM,Gentherm Inc
THS,Treehouse Foods Inc
TIER,Tier Reit Inc
TIF,Tiffany & Co
TILE,Interface Inc
TIME,Time Inc
TIPT,Tiptree Inc
TIS,Orchids Paper Prods Comp
TISI,Team Inc
TITN,Titan Machinery Inc
TIVO,Tivo Corporation
TJX,Tjx Companies Inc
TK,Teekay Corp
TKR,Timken Co
TLGT,Teligent Inc
TLRD,Tailored Brands Inc
TLYS,Tillys Inc
TMHC,Taylor Morrison Home
TMK,Torchmark Corp
TMO,Thermo Fisher Scientific
TMP,Tompkins Financial Corp
TMST,Timkensteel Corporation
TMUS,T-Mobile Us Inc
TNAV,Telenav Inc
TNC,Tennant Co
TNET,Trinet Group Inc
TNK,Teekay Tankers Ltd
TOCA,Tocagen Inc
TOL,Toll Brothers Inc
TOWN,Townebank Portsmouth Va
TOWR,Tower International Inc
TPB,Turning Point Brands Inc
TPC,Tutor Perini Corp
TPH,Tri Pointe Group Inc
TPHS,Trinity Place Holdings
TPIC,Tpi Composites Inc
TPRE,Third Point Reinsurance
TPX,Tempur Sealy Intl Inc
TR,Tootsie Roll Industries
TRC,Tejon Ranch Co
TRCB,Two River Bancorp
TRCO,Tribune Media Co
TREC,Trecora Resources
TREE,Lendingtree Inc
TREX,Trex Inc
TRGP,Targa Resources Inc
TRHC,Tabula Rasa Healthcare
TRIP,Tripadvisor Inc
TRK,Speedway Motorsports Inc
TRMB,Trimble Inc
TRMK,Trustmark Corp
TRN,Trinity Industries Inc
TRNC,Tronc Inc
TRNO,Terreno Realty Corp
TROW,Price T Rowe Group Inc
TROX,Tronox Ltd
TRS,Trimas Corp
TRST,Trustco Bank Corp Ny
TRTN,Triton International Ltd
TRU,Transunion
TRUE,Truecar Inc
TRUP,Trupanion Inc
TRV,Travelers Cos Inc
TRVN,Trevena Inc
TSBK,Timberland Bancorp Inc
TSC,Tristate Cap Hldgs Inc
TSCO,Tractor Supply Co
TSE,Trinseo Sa
TSLA,Tesla Inc
TSN,Tyson Foods Inc
TSO,Tesoro Corp
TSQ,Townsquare Media Inc
TSRO,Tesaro Inc
TSS,Total System Services
TTC,Toro Co
TTD,The Trade Desk Inc
TTEC,Teletech Holdings Inc
TTEK,Tetra Tech Inc
TTGT,Techtarget Inc
TTI,Tetra Technologies Inc
TTMI,Ttm Technologies Inc
TTPH,Tetraphase Pharma Inc
TTS,Tile Shop Hldgs Inc
TTWO,Take-Two Interactive
TUP,Tupperware Brands Corp
TUSK,Mammoth Energy Services
TVPT,Travelport Worldwide Ltd
TVTY,Tivity Health Inc
TWI,Titan International Inc
TWIN,Twin Disc Inc
TWLO,Twilio Inc
TWNK,Hostess Brands Inc
TWO,Two Hbrs Invt Corp
TWOU,2U Inc
TWTR,Twitter Inc
TWX,Time Warner Inc
TXMD,Therapeuticsmd Inc
TXN,Texas Instruments Inc
TXRH,Texas Roadhouse Inc
TXT,Textron Inc
TYL,Tyler Technologies Inc
TYPE,Monotype Imaging Hldg
UA,Under Armour Class C
UAA,Under Armour Class A
UAL,United Continental Hldgs
UBA,Urstadt Biddle Pptys Ins
UBFO,United Security Banc
UBNK,United Financial Bancorp
UBNT,Ubiquiti Networks Inc
UBSH,Union Bankshares Corp
UBSI,United Bankshares Inc
UCBI,United Community Banks
UCFC,United Cmnty Finl Co
UCP,Ucp Inc
UCTT,Ultra Clean Holdings Inc
UDR,Udr Inc
UE,Urban Edge Properties
UEC,Uranium Energy Corp
UEIC,Universal Electronics
UFCS,United Fire Group Inc
UFI,Unifi Inc
UFPI,Universal Forest Prods
UFPT,Ufp Technologies Inc
UFS,Domtar Corporation
UGI,Ugi Corp
UHAL,Amerco
UHS,Universal Health Svcs
UHT,Universal Health Realty
UIHC,United Ins Hldgs Corp
UIS,Unisys Corp
ULH,Universal Logistics Hldg
ULTA,Ulta Beauty Inc
ULTI,Ultimate Software Group
UMBF,Umb Financial Corp
UMH,Umh Properties Inc
UMPQ,Umpqua Holdings Corp
UNB,Union Bankshares Inc
UNF,Unifirst Corp Mass
UNFI,United Natural Foods Inc
UNH,Unitedhealth Group Inc
UNIT,Uniti Group Inc
UNM,Unum Group
UNP,Union Pacific Corp
UNT,Unit Corp
UNTY,Unity Bancorp Inc
UNVR,Univar Inc
UPL,Ultra Petroleum Corp
UPLD,Upland Software Inc
UPS,United Parcel Service
URBN,Urban Outfitters Inc
URI,United Rentals Inc
USAT,Usa Technologies Inc
USB,Us Bancorp
USCR,U S Concrete Inc
USFD,Us Foods Holding Corp
USG,U S G Corp
USLM,United States Lime & Min
USM,United States Cellular
USNA,Usana Health Sciences
USPH,U S Physical Therapy Inc
UTHR,United Therapeutics
UTL,Unitil Corp
UTMD,Utah Med Prods Inc
UTX,United Technologies
UVE,Universal Insurance
UVSP,Univest Corp Of Penn
UVV,Universal Corp
V,Visa Inc
VAC,Marriott Vac World Corp
VALU,Value Line Inc
VAR,Varian Medical Systems
VBIV,Vbi Vaccines Inc
VBTX,Veritex Holdings
VC,Visteon Corp
VCRA,Vocera Communications
VCYT,Veracyte Inc
VDSI,Vasco Data Security Intl
VEC,Vectrus Inc
VECO,Veeco Instruments Inc
VEEV,Veeva Systems Inc
VER,Vereit Inc
VERI,Veritone Inc
VFC,V F Corp
VG,Vonage Hldgs Corp
VGR,Vector Group Ltd
VHC,Virnetx Holding Corp
VHI,Valhi Inc
VIA,Viacom Inc Cl A
VIAB,Viacom Inc Cl B
VIAV,Viavi Solutions Inc
VICR,Vicor Corp
VIRT,Virtu Finl Inc
VIVE,Viveve Medical Inc
VIVO,Meridian Bioscience Inc
VLGEA,Village Super Market Inc
VLO,Valero Energy Corp
VLY,Valley National Bancorp
VMC,Vulcan Materials Co
VMI,Valmont Industries Inc
VMW,Vmware Inc
VNDA,Vanda Pharmaceuticals
VNO,Vornado Realty Trust
VNTV,Vantiv Inc
VOXX,Voxx International Corp
VOYA,Voya Financial Inc
VPG,Vishay Precision Group
VR,Validus Holdings Ltd
VRA,Vera Bradley Inc
VRAY,Viewray Inc
VREX,Varex Imaging
VRNS,Varonis Systems Inc
VRNT,Verint Sys Inc
VRS,Verso Corporation
VRSK,Verisk Analytics Inc
VRSN,Verisign Inc
VRTS,Virtus Investment Ptnrs
VRTU,Virtusa Corp
VRTV,Veritiv Corporation
VRTX,Vertex Pharmaceuticals
VSAR,Versartis Inc
VSAT,Viasat Inc
VSEC,Vse Corp
VSH,Vishay Intertechnology
VSI,Vitamin Shoppe Inc
VSLR,Vivint Solar Inc
VSM,Versum Materials
VST,Vistra Energy Corp
VSTO,Vista Outdoor Inc
VTR,Ventas Inc
VTVT,Vtv Therapeautics Inc
VVC,Vectren Corp
VVI,Viad Corp
VVV,Valvoline Inc
VWR,Vwr Corporation
VYGR,Voyager Therapeutics Inc
VZ,Verizon Communications
W,Wayfair Inc
WAAS,Aquaventure Holdings Ltd
WAB,Wabtec Corp
WABC,Westamerica Bancorp
WAFD,Washington Fed Inc
WAGE,Wageworks Inc
WAIR,Wesco Aircraft Hldgs Inc
WAL,Western Alliance Bancorp
WASH,Washington Trust Bancorp
WAT,Waters Corp
WATT,Energous Corp
WBA,Walgreens Boots Alliance
WBC,Wabco Holdings Inc
WBMD,Webmd Health Corp
WBS,Webster Financial Corp
WBT,Welbilt
WCC,Wesco International Inc
WCG,Wellcare Group Inc
WD,Walker & Dunlop Inc
WDAY,Workday Inc
WDC,Western Digital Corp
WDFC,Wd-40 Co
WDR,Waddell & Reed Financial
WEB,Web.Com Group Inc
WEC,Wec Energy Group Inc
WEN,The Wendy'S Company
WERN,Werner Enterprises Inc
WETF,Wisdomtree Invts Inc
WEX,Wex Inc
WEYS,Weyco Group Inc
WFBI,Washingtonfirst Bank Inc
WFC,Wells Fargo & Co
WFM,Whole Foods Market Inc
WFT,Weatherford Intl Plc
WG,Willbros Group Inc
WGL,Wgl Holdings Inc
WGO,Winnebago Industries Inc
WHG,Westwood Holdings Group
WHR,Whirlpool Corp
WIFI,Boingo Wireless Inc
WIN,Windstream Holdings Inc
WINA,Winmark Corp
WING,Wingstop Inc
WINS,Wins Finance Holdings
WIRE,Encore Wire Corp
WK,Workiva Inc
WLB,Westmoreland Coal Co
WLDN,Willdan Group Inc
WLFC,Willis Lease Finance
WLH,William Lyon Homes
WLK,Westlake Chemical Corp
WLL,Whiting Petroleum Corp
WLTW,Willis Towers Watson Plc
WM,Waste Mgmt Inc
WMAR,West Marine Inc
WMB,Williams Companies Inc
WMC,Western Asset Mtg Cap
WMGI,Wright Medical Group N V
WMIH,Wmih Corp
WMK,Weis Markets Inc
WMS,Advanced Drainage System
WMT,Wal Mart Stores Inc
WNC,Wabash National Corp
WNEB,Western New England
WOOF,Vca Inc
WOR,Worthington Industries
WPC,W P Carey Inc
WPG,Washington Prime Group
WPX,Wpx Energy Inc
WR,Westar Energy Inc
WRB,Berkley W R Corp
WRD,Wildhorse Resource Dev
WRE,Washington Real Estate
WRI,Weingarten Rlty Invs
WRK,Westrock Co
WRLD,World Acceptance Corp
WSBC,Wesbanco Inc
WSBF,Waterstone Financial Inc
WSFS,Wsfs Financial Corp
WSM,Williams Sonoma Inc
WSO,Watsco Inc
WSR,Whitestone Reit
WST,West Pharmaceutical Svcs
WSTC,West Corp
WTBA,West Bancorporation Inc
WTFC,Wintrust Financial Corp
WTI,W&T Offshore Inc
WTM,White Mtns Ins Group Ltd
WTR,Aqua America Inc
WTS,Watts Water Tech Inc
WTTR,Select Energy Services
WTW,Weight Watchers Intl Inc
WU,Western Union Co
WVE,Wave Life Sciences Ltd
WWD,Woodward Inc
WWE,World Wrestling Entmnt
WWW,Wolverine World Wide
WY,Weyerhaeuser Co
WYN,Wyndham Worldwide Corp
WYNN,Wynn Resorts Ltd
X,United States Steel Corp
XBIT,Xbiotech Inc
XBKS,Xenith Bankshares Inc
XCRA,Xcerra Corporation
XEC,Cimarex Energy Co
XEL,Xcel Energy Inc
XENT,Intersect Ent Inc
XHR,Xenia Hotels & Resorts
XL,Xl Group Ltd
XLNX,Xilinx Inc
XLRN,Acceleron Pharma Inc
XNCR,Xencor Inc
XOG,Extraction Oil & Gas Inc
XOM,Exxon Mobil Corp
XON,Intrexon Corp
XONE,Exone Company
XOXO,Xo Group Inc
XPER,Xperi Corporation
XPO,Xpo Logistics Inc
XRAY,Dentsply Sirona Inc
XRX,Xerox Corp
XTLY,Xactly Corp
XYL,Xylem Inc
Y,Alleghany Corp
YELP,Yelp Inc
YEXT,Yext Inc
YORW,York Water Company
YRCW,Yrc Worldwide Inc
YUM,Yum! Brands Inc
YUMC,Yum China Holdings Inc
Z,Zillow Group Inc Class C
ZAGG,Zagg Inc
ZAYO,Zayo Group Holdings Inc
ZBH,Zimmer Biomet Holdings
ZBRA,Zebra Technologies Corp
ZEN,Zendesk Inc
ZEUS,Olympic Steel Inc
ZG,Zillow Group Inc Class A
ZGNX,Zogenix Inc
ZION,Zions Bancorporation
ZIOP,Ziopharm Oncology Inc
ZIXI,Zix Corp
ZNGA,Zynga Inc
ZOES,Zoes Kitchen Inc
ZTS,Zoetis Inc
ZUMZ,Zumiez Inc
ZYNE,Zynerba Pharmaceuticals